id,Unnamed: 6,founded_at,age_first_funding_year,age_last_funding_year,age_first_milestone_year,age_last_milestone_year,relationships,funding_rounds,funding_total_usd,milestones,state_code.1,is_CA,is_NY,is_MA,is_TX,is_otherstate,category_code,is_software,is_web,is_mobile,is_enterprise,is_advertising,is_gamesvideo,is_ecommerce,is_biotech,is_consulting,is_othercategory,object_id,has_VC,has_angel,has_roundA,has_roundB,has_roundC,has_roundD,avg_participants,is_top500,status
c:6669,San Francisco CA 94105,1/1/2007,2.2493,3.0027,4.6685,6.7041,3,3,375000,3,CA,1,0,0,0,0,music,0,0,0,0,0,0,0,0,0,1,c:6669,0,1,0,0,0,0,1.0,0,1
c:16283,San Francisco CA 94105,1/1/2000,5.126,9.9973,7.0055,7.0055,9,4,40100000,1,CA,1,0,0,0,0,enterprise,0,0,0,1,0,0,0,0,0,0,c:16283,1,0,0,1,1,1,4.75,1,1
c:65620,San Diego CA 92121,3/18/2009,1.0329,1.0329,1.4575,2.2055,5,1,2600000,2,CA,1,0,0,0,0,web,0,1,0,0,0,0,0,0,0,0,c:65620,0,0,1,0,0,0,4.0,1,1
c:42668,Cupertino CA 95014,1/1/2002,3.1315,5.3151,6.0027,6.0027,5,3,40000000,1,CA,1,0,0,0,0,software,1,0,0,0,0,0,0,0,0,0,c:42668,0,0,0,1,1,1,3.3333,1,1
c:65806,San Francisco CA 94105,8/1/2010,0.0,1.6685,0.0384,0.0384,2,2,1300000,1,CA,1,0,0,0,0,games_video,0,0,0,0,0,1,0,0,0,0,c:65806,1,1,0,0,0,0,1.0,1,0
c:22898,Mountain View CA 94043,1/1/2002,4.5452,4.5452,5.0027,5.0027,3,1,7500000,1,CA,1,0,0,0,0,network_hosting,0,0,0,0,0,0,0,0,0,1,c:22898,0,0,0,1,0,0,3.0,1,0
c:16191,San Francisco CA 94105,1/1/2005,1.7205,5.211,3.0,6.6082,6,3,26000000,2,CA,1,0,0,0,0,software,1,0,0,0,0,0,0,0,0,0,c:16191,1,0,1,1,0,0,1.6667,1,1
c:5192,San Francisco CA 94105,1/1/2004,1.6466,6.7616,5.6055,7.3616,25,3,34100000,3,CA,1,0,0,0,0,finance,0,0,0,0,0,0,0,0,0,1,c:5192,0,0,1,1,0,1,3.5,1,1
c:1043,Williamstown MA 1267,1/1/2002,3.5863,11.1123,8.0055,9.9945,13,3,9650000,4,MA,0,0,1,0,0,mobile,0,0,1,0,0,0,0,0,0,0,c:1043,1,0,1,0,0,1,4.0,1,1
c:498,San Francisco CA 94105,6/1/2005,1.6712,4.6849,2.9178,6.1151,14,3,5750000,4,CA,1,0,0,0,0,web,0,1,0,0,0,0,0,0,0,0,c:498,1,1,1,0,0,0,1.0,1,1
c:3949,San Francisco CA 94105,11/15/2000,4.6274,9.4493,10.1342,10.6493,22,3,27500000,3,CA,1,0,0,0,0,mobile,0,0,1,0,0,0,0,0,0,0,c:3949,0,0,1,1,0,0,1.0,1,1
c:4829,San Francisco CA 94105,1/1/2006,1.0849,5.3370000000000015,-0.6164,4.6082,8,5,10400000,2,CA,1,0,0,0,0,web,0,1,0,0,0,0,0,0,0,0,c:4829,1,1,1,0,0,0,1.75,1,0
c:30290,San Francisco CA 94105,1/1/2004,4.9041,4.9041,2.5205,4.4767,0,1,350000,0,KY,0,0,0,0,1,web,0,1,0,0,0,0,0,0,0,0,c:30290,1,0,0,0,0,0,1.0,0,0
c:1491,San Francisco CA 94105,11/26/2007,0.0192,2.4356,0.7945,4.3781,15,3,9950000,3,NY,0,1,0,0,0,education,0,0,0,0,0,0,0,0,0,1,c:1491,0,0,1,1,1,0,2.3333,1,1
c:15645,San Francisco CA 94105,1/1/2001,4.6658,8.9973,8.8384,8.8384,12,5,10700000,1,CO,0,0,0,0,1,software,1,0,0,0,0,0,0,0,0,0,c:15645,0,0,1,1,0,0,2.5,1,1
c:54177,Vienna VA 22182,1/1/1999,6.6082,6.6082,2.5205,4.4767,0,1,200000,0,VA,0,0,0,0,1,public_relations,0,0,0,0,0,0,0,0,0,1,c:54177,1,0,0,0,0,0,1.0,0,0
c:16770,San Francisco CA 94105,1/1/2003,2.5863,6.7644,5.5014,5.5014,8,5,49000000,1,CA,1,0,0,0,0,security,0,0,0,0,0,0,0,0,0,1,c:16770,1,0,1,1,1,1,3.5,1,0
c:107,San Francisco CA 94105,7/1/2000,4.5918,7.1726,-0.4986,12.6795,7,4,25000000,3,CA,1,0,0,0,0,games_video,0,0,0,0,0,1,0,0,0,0,c:107,0,0,1,1,1,1,3.5,1,1
c:50727,New York NY 10004,1/1/2010,0.7425,1.5808,1.2849,3.0027,10,3,4575000,3,NY,0,1,0,0,0,web,0,1,0,0,0,0,0,0,0,0,c:50727,0,1,1,0,0,0,5.0,1,1
c:26368,San Francisco CA 94105,1/1/2007,2.5014,2.8301,3.0877,3.4932,13,2,28000000,3,CA,1,0,0,0,0,enterprise,0,0,0,1,0,0,0,0,0,0,c:26368,0,0,1,1,0,0,1.0,1,0
c:22291,San Francisco CA 94105,1/1/2001,2.2137,3.7863,4.0877,9.4986,8,2,4355000,3,TX,0,0,0,1,0,software,1,0,0,0,0,0,0,0,0,0,c:22291,0,1,1,0,0,0,1.5,0,1
c:17857,San Francisco CA 94105,1/1/2004,3.8329,3.8329,3.7507,3.7507,3,1,15000000,1,WA,0,0,0,0,1,other,0,0,0,0,0,0,0,0,0,1,c:17857,0,0,0,1,0,0,2.0,1,0
c:15888,San Francisco CA 94105,1/1/2002,5.4904,5.4904,0.0,0.0,1,1,3170000,1,CA,1,0,0,0,0,web,0,1,0,0,0,0,0,0,0,0,c:15888,0,0,1,0,0,0,2.0,0,0
c:10751,San Francisco CA 94105,1/1/2008,-1.0,3.3151,3.6959,5.662999999999999,4,2,2300000,3,CA,1,0,0,0,0,mobile,0,0,1,0,0,0,0,0,0,0,c:10751,0,1,1,0,0,0,2.0,0,0
c:458,San Francisco CA 94105,5/1/2007,0.2521,0.337,2.5205,4.4767,5,2,455000,0,CO,0,0,0,0,1,public_relations,0,0,0,0,0,0,0,0,0,1,c:458,0,1,1,0,0,0,4.5,1,0
c:45525,Chicago IL 60601,1/1/2002,4.8411,4.8411,1.0,1.0,3,1,13000000,1,IL,0,0,0,0,1,software,1,0,0,0,0,0,0,0,0,0,c:45525,0,0,0,0,1,0,4.0,1,1
c:3193,San Francisco CA 94105,1/1/2003,4.0603,4.0603,3.0027,3.0027,7,1,15000000,1,CA,1,0,0,0,0,public_relations,0,0,0,0,0,0,0,0,0,1,c:3193,0,0,0,0,1,0,4.0,1,1
c:28456,Berkeley CA 94704,6/1/2008,4.0685,4.0685,3.4192,5.2301,2,1,3800000,3,CA,1,0,0,0,0,photo_video,0,0,0,0,0,0,0,0,0,1,c:28456,0,0,0,1,0,0,2.0,1,1
c:36920,San Francisco CA 94105,5/1/2007,2.5068,4.5315,4.9315,5.6767,37,5,299500000,2,TX,0,0,0,1,0,web,0,1,0,0,0,0,0,0,0,0,c:36920,1,0,1,0,1,0,1.75,1,1
c:35712,Santa Ana CA 92705,5/24/2005,1.189,1.189,2.189,7.7753,5,1,1000000,3,CA,1,0,0,0,0,hardware,0,0,0,0,0,0,0,0,0,1,c:35712,1,0,0,0,0,0,2.0,1,1
c:21492,Moffett Field CA 94035,1/1/2007,1.3534,2.1644,4.5178,4.5178,3,2,10500000,1,CA,1,0,0,0,0,other,0,0,0,0,0,0,0,0,0,1,c:21492,0,0,1,1,0,0,2.0,1,0
c:28768,Seattle WA 98119,1/1/2001,4.1534,5.1671,3.0,3.0,6,2,8600000,1,WA,0,0,0,0,1,public_relations,0,0,0,0,0,0,0,0,0,1,c:28768,1,0,0,1,0,0,1.5,1,1
c:27741,San Francisco CA 94105,10/1/2006,-0.1671,2.0192,2.5205,4.4767,9,2,5000000,0,NC,0,0,0,0,1,software,1,0,0,0,0,0,0,0,0,0,c:27741,0,0,1,1,0,0,2.5,1,0
c:150658,San Francisco CA 94105,1/1/2011,0.0,0.8685,0.4137,2.1671,3,2,2304999,2,CA,1,0,0,0,0,mobile,0,0,1,0,0,0,0,0,0,0,c:150658,1,0,0,0,0,0,5.0,1,1
c:34338,Pittsburgh PA 15219,6/1/2009,0.0822,0.0822,2.5205,4.4767,2,1,25000,0,PA,0,0,0,0,1,security,0,0,0,0,0,0,0,0,0,1,c:34338,0,1,0,0,0,0,1.0,0,0
c:45111,New York NY 10011,7/1/2004,2.6575,2.6575,0.0,0.0,1,1,4000000,1,NY,0,1,0,0,0,software,1,0,0,0,0,0,0,0,0,0,c:45111,0,0,0,1,0,0,1.0,1,0
c:3178,San Francisco CA 94105,1/1/2007,0.6192,1.5945,1.0,4.3315,8,2,14600000,3,CA,1,0,0,0,0,software,1,0,0,0,0,0,0,0,0,0,c:3178,0,0,1,1,0,0,2.0,1,0
c:35402,San Jose CA 95134,1/1/2005,1.063,5.7014,2.5205,4.4767,0,3,44000000,0,CA,1,0,0,0,0,hardware,0,0,0,0,0,0,0,0,0,1,c:35402,0,0,0,1,1,0,4.5,1,0
c:22856,San Francisco CA 94105,10/1/2008,0.1671,2.6493,0.6082,4.7507,10,3,1822922,3,CA,1,0,0,0,0,ecommerce,0,0,0,0,0,0,1,0,0,0,c:22856,0,1,1,0,0,0,2.3333,1,1
c:1224,San Francisco CA 94105,3/1/2006,0.0,5.9041,3.8411,7.1370000000000005,18,7,29915001,5,NY,0,1,0,0,0,advertising,0,0,0,0,1,0,0,0,0,0,c:1224,1,1,1,1,1,0,2.75,1,1
c:1234,San Francisco CA 94105,5/1/2006,0.0,4.8027,3.7205,7.6164,26,4,33000000,5,GA,0,0,0,0,1,enterprise,0,0,0,1,0,0,0,0,0,0,c:1234,0,0,1,1,1,0,3.0,1,1
c:149809,Manchester NH 3101,8/1/2011,0.0,0.5836,0.5836,0.5945,9,2,125000,2,NH,0,0,0,0,1,mobile,0,0,1,0,0,0,0,0,0,0,c:149809,0,1,0,0,0,0,1.0,0,1
c:13733,San Francisco CA 94105,1/1/2008,0.1041,2.3863,2.3315,2.7918,7,2,4000000,2,CA,1,0,0,0,0,travel,0,0,0,0,0,0,0,0,0,1,c:13733,1,0,1,0,0,0,1.0,1,0
c:39106,San Francisco CA 94105,5/11/2004,3.4904,3.4904,5.6603,8.3425,10,1,10000000,3,WA,0,0,0,0,1,enterprise,0,0,0,1,0,0,0,0,0,0,c:39106,0,0,0,0,1,0,2.0,1,1
c:5306,San Francisco CA 94105,1/1/2002,4.6658,4.6658,8.7425,10.2247,25,1,6000000,4,CA,1,0,0,0,0,advertising,0,0,0,0,1,0,0,0,0,0,c:5306,0,0,0,0,1,0,3.0,1,1
c:16303,Sunnyvale CA 94085,1/1/2003,2.6247,2.6247,2.5205,4.4767,4,1,25000000,0,CA,1,0,0,0,0,software,1,0,0,0,0,0,0,0,0,0,c:16303,0,0,0,1,0,0,5.0,1,1
c:43188,New York NY 100011,12/1/2009,0.926,2.9534,0.8329,2.7425,2,3,3750000,3,NY,0,1,0,0,0,fashion,0,0,0,0,0,0,0,0,0,1,c:43188,0,1,1,0,0,0,2.0,1,1
c:33507,Cambridge MA 2139,10/17/2009,0.2466,0.2466,1.1178,1.663,9,1,3000000,2,MA,0,0,1,0,0,software,1,0,0,0,0,0,0,0,0,0,c:33507,0,0,1,0,0,0,1.0,1,1
c:68157,San Francisco CA 94607,5/24/2010,0.189,1.189,1.3562,1.6575,6,2,1155000,2,CA,1,0,0,0,0,software,1,0,0,0,0,0,0,0,0,0,c:68157,0,1,0,0,0,0,9.5,1,1
c:2395,San Francisco CA 94105,10/1/2002,3.2082,3.2082,5.2548,7.8822,11,1,10000000,2,CA,1,0,0,0,0,software,1,0,0,0,0,0,0,0,0,0,c:2395,0,0,0,0,0,1,2.0,1,1
c:38220,South San Francisco CA 94080,1/1/2006,2.5836,2.5836,2.0,2.0,5,1,3000000,1,CA,1,0,0,0,0,web,0,1,0,0,0,0,0,0,0,0,c:38220,0,0,1,0,0,0,1.0,1,1
c:49815,Boston MA 2210,1/1/2009,1.8932,2.4466,2.0,3.2767,4,2,11500000,3,MA,0,0,1,0,0,mobile,0,0,1,0,0,0,0,0,0,0,c:49815,0,0,0,0,0,0,1.0,1,1
c:249,Austin TX 78731,11/1/2004,0.7479,0.7479,4.0493,8.3233,12,1,5000000,5,TX,0,0,0,1,0,web,0,1,0,0,0,0,0,0,0,0,c:249,0,0,1,0,0,0,3.0,1,1
c:22027,Waltham MA 2451,1/1/2000,5.1863,6.8137,7.3342,7.3342,9,2,29000000,1,MA,0,0,1,0,0,public_relations,0,0,0,0,0,0,0,0,0,1,c:22027,1,0,0,0,0,1,5.0,1,1
c:109,San Francisco CA 94105,5/1/2006,0.6712,6.2329,4.0493,7.5973,37,6,34700000,4,CA,1,0,0,0,0,enterprise,0,0,0,1,0,0,0,0,0,0,c:109,1,1,1,1,1,1,5.0,1,1
c:43948,Palo Alto CA 94301,1/1/2004,1.1863,3.4986,2.5205,4.4767,0,2,12050000,0,CA,1,0,0,0,0,software,1,0,0,0,0,0,0,0,0,0,c:43948,1,0,1,0,0,0,2.0,1,0
c:765,Palo Alto CA 95128,1/1/2006,2.1644,4.7616,4.0027,6.7534,13,3,12000000,2,CA,1,0,0,0,0,analytics,0,0,0,0,0,0,0,0,0,1,c:765,1,0,1,1,0,0,2.0,1,1
c:19257,San Francisco CA 94105,2/1/2005,4.1041,4.1041,1.9151,1.9151,18,1,5500000,1,CA,1,0,0,0,0,consulting,0,0,0,0,0,0,0,0,1,0,c:19257,0,0,0,0,1,0,2.0,1,1
c:25827,San Francisco CA 94105,7/1/2007,1.989,4.1534,2.8986,5.2575,10,3,24000000,4,CA,1,0,0,0,0,software,1,0,0,0,0,0,0,0,0,0,c:25827,0,0,1,1,0,0,3.3333,1,1
c:5932,San Francisco CA 94105,7/1/2000,5.2027,6.189,7.5068,12.8932,6,2,10000000,2,MO,0,0,0,0,1,mobile,0,0,1,0,0,0,0,0,0,0,c:5932,0,0,1,1,0,0,4.5,1,1
c:35157,Wilmington MA 1887,12/1/1999,2.7836,10.9507,-1.9151,-1.9151,10,3,19009671,1,MA,0,0,1,0,0,biotech,0,0,0,0,0,0,0,1,0,0,c:35157,0,0,0,1,0,0,2.0,1,0
c:8596,San Francisco CA 94105,1/1/2005,3.4986,3.4986,3.0,3.0,6,1,5000000,1,CA,1,0,0,0,0,cleantech,0,0,0,0,0,0,0,0,0,1,c:8596,0,0,1,0,0,0,1.0,1,0
c:19861,Kirkland WA 98033-6314,1/1/2001,4.0466,9.3041,6.0027,6.0027,2,5,18914576,1,WA,0,0,0,0,1,enterprise,0,0,0,1,0,0,0,0,0,0,c:19861,1,0,0,0,1,0,3.0,1,1
c:45114,Tampa FL 33609,1/1/2001,6.3726,6.3726,2.5205,4.4767,0,1,4000000,0,FL,0,0,0,0,1,software,1,0,0,0,0,0,0,0,0,0,c:45114,1,0,0,0,0,0,3.0,0,0
c:23533,Boston MA 02111-1720,12/1/2008,1.3259999999999998,2.7836,1.6740000000000002,3.1342,5,3,2030882,2,MA,0,0,1,0,0,software,1,0,0,0,0,0,0,0,0,0,c:23533,0,0,1,0,0,0,3.0,1,1
c:25325,San Francisco CA 94105,1/1/2006,2.6438,2.6438,0.0,7.3918,4,1,5000000,2,CA,1,0,0,0,0,cleantech,0,0,0,0,0,0,0,0,0,1,c:25325,0,0,0,1,0,0,1.0,1,1
c:8351,San Francisco CA 94105,12/1/1999,1.0877,1.0877,2.5205,4.4767,5,1,20500000,0,WA,0,0,0,0,1,software,1,0,0,0,0,0,0,0,0,0,c:8351,1,0,0,0,0,0,4.0,1,0
c:10392,San Francisco CA 94105,2/2/2006,3.9616,6.5205,4.5781,7.6877,4,2,13250000,4,CO,0,0,0,0,1,advertising,0,0,0,0,1,0,0,0,0,0,c:10392,1,0,0,0,0,0,2.0,0,1
c:26128,San Francisco CA 94105,1/1/2000,7.2548,7.2548,7.0055,7.0055,7,1,12000000,1,CA,1,0,0,0,0,security,0,0,0,0,0,0,0,0,0,1,c:26128,0,0,0,0,0,0,2.0,1,1
c:2808,San Francisco CA 94105,9/1/2005,1.3342,3.0247,3.0219,3.337,9,3,11489687,2,CA,1,0,0,0,0,advertising,0,0,0,0,1,0,0,0,0,0,c:2808,0,1,1,1,0,0,3.3333,1,1
c:10581,San Francisco CA 94105,1/1/2008,0.6795,0.6795,2.9178,4.2274,15,1,4000000,3,CA,1,0,0,0,0,web,0,1,0,0,0,0,0,0,0,0,c:10581,0,0,1,0,0,0,3.0,1,1
c:190214,San Francisco CA 94105,6/12/2012,-0.0301,-0.0301,0.1369999999999999,0.1369999999999999,3,1,355000,1,CA,1,0,0,0,0,software,1,0,0,0,0,0,0,0,0,0,c:190214,0,1,0,0,0,0,1.0,0,1
c:1674,San Francisco CA 94105,1/1/2006,0.0,0.2466,2.4164,5.3151,10,2,118000,3,FL,0,0,0,0,1,web,0,1,0,0,0,0,0,0,0,0,c:1674,0,1,0,0,0,0,1.5,1,1
c:170,San Francisco CA 94105,1/1/2003,1.6685,9.337,7.3808,10.474,17,4,40400000,3,CA,1,0,0,0,0,advertising,0,0,0,0,1,0,0,0,0,0,c:170,0,0,1,1,1,1,1.6667,1,1
c:27740,San Francisco CA 94105,1/1/2007,1.8055,1.8055,2.5205,4.4767,1,1,3000000,0,TX,0,0,0,1,0,software,1,0,0,0,0,0,0,0,0,0,c:27740,0,0,1,0,0,0,1.0,1,0
c:46186,Fremont CA 94538,1/1/2003,2.6986,4.0027,1.0,1.0,2,2,19700000,1,CA,1,0,0,0,0,software,1,0,0,0,0,0,0,0,0,0,c:46186,1,0,0,1,0,0,4.0,1,0
c:43162,Santa Clara CA 95051,1/1/1998,9.1671,9.1973,2.5205,4.4767,0,2,17800000,0,CA,1,0,0,0,0,software,1,0,0,0,0,0,0,0,0,0,c:43162,1,0,0,0,0,0,1.0,1,0
c:43233,San Francisco CA 94107,3/1/2010,0.011,2.0986,3.0904,3.7836,12,3,57500000,3,CA,1,0,0,0,0,photo_video,0,0,0,0,0,0,0,0,0,1,c:43233,0,1,1,1,0,0,4.0,1,1
c:1498,San Francisco CA 94105,1/1/2006,0.6658,3.0384,2.0,5.0548,10,3,17200000,5,NY,0,1,0,0,0,games_video,0,0,0,0,0,1,0,0,0,0,c:1498,0,0,1,1,1,0,2.6667,1,1
c:31514,Cambridge MA 2138,8/1/2008,-0.5836,1.3425,0.0,1.5479,4,7,457282,2,MA,0,0,1,0,0,mobile,0,0,1,0,0,0,0,0,0,0,c:31514,1,1,0,0,0,0,1.0,1,0
c:58944,San Francisco CA 94105,9/9/2010,-0.0219,2.0329,2.3151,3.1644,11,4,18500000,3,CA,1,0,0,0,0,mobile,0,0,1,0,0,0,0,0,0,0,c:58944,0,1,1,1,0,0,2.25,1,1
c:40197,Princeton NJ 8540,1/1/2008,2.0466,2.0466,2.5205,4.4767,2,1,12000000,0,NJ,0,0,0,0,1,cleantech,0,0,0,0,0,0,0,0,0,1,c:40197,0,0,1,0,0,0,6.0,1,0
c:51023,Loveland CO 80538,1/1/2007,3.5123,3.9562,3.9534,4.8356,5,2,510000000,3,CO,0,0,0,0,1,cleantech,0,0,0,0,0,0,0,0,0,1,c:51023,1,0,0,0,0,0,2.5,1,0
c:13168,San Francisco CA 94105,1/1/2002,3.9342,4.6822,4.0027,4.0027,3,2,18250000,1,CA,1,0,0,0,0,search,0,0,0,0,0,0,0,0,0,1,c:13168,0,0,1,1,0,0,2.5,1,1
c:649,San Francisco CA 94105,9/1/2004,2.1616,5.6384,3.8329,7.6932,13,4,41500019,5,NY,0,1,0,0,0,music,0,0,0,0,0,0,0,0,0,1,c:649,0,0,0,0,1,0,4.0,1,1
c:52694,Kearneysville WV 25430,1/1/2000,5.4411,5.4411,2.5205,4.4767,1,1,1000000,0,WV,0,0,0,0,1,software,1,0,0,0,0,0,0,0,0,0,c:52694,0,0,1,0,0,0,3.0,0,0
c:3080,San Francisco CA 94105,4/1/2006,1.1288,1.1288,1.0,2.6767,7,1,5000000,2,CA,1,0,0,0,0,web,0,1,0,0,0,0,0,0,0,0,c:3080,0,0,1,0,0,0,1.0,1,1
c:28424,San Francisco CA 94105,1/1/2001,7.8877,10.6658,0.4137,0.4137,2,3,42700000,1,MI,0,0,0,0,1,cleantech,0,0,0,0,0,0,0,0,0,1,c:28424,1,0,0,1,0,0,3.6667,1,0
c:280611,Mountain View CA 94041,1/1/2013,0.8822,0.8822,2.5205,4.4767,7,1,12000000,0,CA,1,0,0,0,0,ecommerce,0,0,0,0,0,0,1,0,0,0,c:280611,1,0,0,0,0,0,9.0,1,0
c:30537,San Francisco CA 94105,1/1/2003,2.526,3.1041,3.0027,9.126,5,2,22300000,2,WA,0,0,0,0,1,software,1,0,0,0,0,0,0,0,0,0,c:30537,0,0,0,1,1,0,4.5,1,1
c:14656,San Francisco CA 94105,1/1/2002,4.0027,7.8712,0.1616,0.1616,5,2,10000000,1,CA,1,0,0,0,0,semiconductor,0,0,0,0,0,0,0,0,0,1,c:14656,1,0,0,1,0,0,4.0,1,1
c:1766,San Francisco CA 94105,5/1/2005,1.1671,4.6658,2.5205,4.4767,1,3,15564591,0,DC,0,0,0,0,1,advertising,0,0,0,0,1,0,0,0,0,0,c:1766,1,0,0,1,1,0,3.5,1,0
c:16938,San Francisco CA 94105,1/1/2007,2.5726,2.5726,2.4795,4.6685,7,1,500000,2,CA,1,0,0,0,0,web,0,1,0,0,0,0,0,0,0,0,c:16938,0,1,0,0,0,0,5.0,1,1
c:83265,San Francisco CA 94110,12/21/2010,0.1151,1.3397,1.8329,2.6712,24,2,8950000,2,CA,1,0,0,0,0,analytics,0,0,0,0,0,0,0,0,0,1,c:83265,0,0,1,0,0,0,7.0,1,1
c:23136,San Francisco CA 94105,1/1/2006,1.7479,4.8192,4.0027,4.8192,8,4,55350000,2,NY,0,1,0,0,0,finance,0,0,0,0,0,0,0,0,0,1,c:23136,0,0,1,1,1,1,4.0,1,1
c:54066,Mountain View CA 94043,1/1/2002,3.7233,3.7233,2.5205,4.4767,1,1,4000000,0,CA,1,0,0,0,0,public_relations,0,0,0,0,0,0,0,0,0,1,c:54066,0,0,0,1,0,0,3.0,1,0
c:17219,San Francisco CA 94105,1/1/2006,1.6986,6.5151,3.2849,4.9315,3,5,10764323,3,IL,0,0,0,0,1,software,1,0,0,0,0,0,0,0,0,0,c:17219,1,0,1,0,0,0,2.0,1,1
c:23234,San Francisco CA 94105,1/1/2007,1.4082,1.4082,0.0,0.0,1,1,5500000,1,NJ,0,0,0,0,1,software,1,0,0,0,0,0,0,0,0,0,c:23234,1,0,0,0,0,0,3.0,1,0
c:70586,San Francisco CA 94105,1/1/2008,4.2849,4.2849,2.4164,5.5151,7,1,400000,2,CA,1,0,0,0,0,social,0,0,0,0,0,0,0,0,0,1,c:70586,0,1,0,0,0,0,3.0,1,1
c:26612,San Francisco CA 94105,1/1/2007,0.7507,3.0137,2.5205,4.4767,3,3,54000000,0,CA,1,0,0,0,0,cleantech,0,0,0,0,0,0,0,0,0,1,c:26612,1,0,0,0,1,0,2.6667,1,0
c:57923,Alpharetta GA 30009,1/1/1985,20.8055,20.8055,2.5205,4.4767,2,1,32000000,0,GA,0,0,0,0,1,software,1,0,0,0,0,0,0,0,0,0,c:57923,0,0,0,1,0,0,7.0,1,0
c:58133,Seattle WA 98104,1/1/2000,5.789,5.789,2.5205,4.4767,1,1,13000000,0,WA,0,0,0,0,1,software,1,0,0,0,0,0,0,0,0,0,c:58133,0,0,0,0,0,1,4.0,1,1
c:5587,Bellevue WA 98004,1/1/2005,0.0849,1.2712,2.5205,4.4767,5,3,12500000,0,WA,0,0,0,0,1,software,1,0,0,0,0,0,0,0,0,0,c:5587,1,0,1,1,0,0,2.3333,1,1
c:38338,San Jose CA 95128,1/1/2004,2.3507,8.2822,1.0027,8.2849,16,4,38064570,2,CA,1,0,0,0,0,security,0,0,0,0,0,0,0,0,0,1,c:38338,1,0,0,1,1,1,3.0,1,1
c:4622,San Francisco CA 94105,7/1/2007,-0.4959,1.2548,2.1726,4.6,21,2,6000000,2,CA,1,0,0,0,0,web,0,1,0,0,0,0,0,0,0,0,c:4622,0,1,1,0,0,0,4.0,1,1
c:202,San Francisco CA 94105,6/1/2006,2.4658,4.8329,0.5863,5.6164,4,2,5000000,6,VA,0,0,0,0,1,web,0,1,0,0,0,0,0,0,0,0,c:202,0,0,1,1,0,0,1.0,0,0
c:15652,San Francisco CA 94105,1/1/2000,0.0,7.1068,6.0055,10.9041,9,3,59000000,3,VA,0,0,0,0,1,software,1,0,0,0,0,0,0,0,0,0,c:15652,1,0,0,0,1,0,2.0,1,1
c:144825,Chicago IL 60607,8/1/2011,1.0356,1.0356,0.0,1.0356,2,1,1000000,2,IL,0,0,0,0,1,web,0,1,0,0,0,0,0,0,0,0,c:144825,0,1,0,0,0,0,1.0,0,0
c:9772,San Francisco CA 94105,1/1/2007,2.7233,2.7233,0.9151,6.3096,5,1,600000,3,CA,1,0,0,0,0,web,0,1,0,0,0,0,0,0,0,0,c:9772,0,1,0,0,0,0,7.0,1,1
c:19101,San Francisco CA 94105,1/1/2006,2.8356,3.1397,3.3781,3.7753,0,2,125000000,2,CT,0,0,0,0,1,mobile,0,0,1,0,0,0,0,0,0,0,c:19101,0,0,1,1,0,0,2.0,1,0
c:1612,San Francisco CA 94105,1/15/2007,0.7945,2.9014,3.0493,6.5233,11,2,2750000,3,CA,1,0,0,0,0,web,0,1,0,0,0,0,0,0,0,0,c:1612,0,1,1,0,0,0,4.0,1,1
c:17620,San Francisco CA 94105,1/1/2003,2.9178,4.7342,2.5205,4.4767,1,2,30000000,0,CA,1,0,0,0,0,network_hosting,0,0,0,0,0,0,0,0,0,1,c:17620,0,0,1,1,0,0,2.5,1,1
c:43873,Milpitas CA 95035-6261,1/1/2003,4.0137,4.0137,2.5205,4.4767,0,1,7000000,0,CA,1,0,0,0,0,semiconductor,0,0,0,0,0,0,0,0,0,1,c:43873,0,0,0,0,1,0,1.0,0,0
c:3986,San Francisco CA 94105,1/1/2006,0.411,0.411,0.0,2.5342,10,1,6100000,2,CA,1,0,0,0,0,search,0,0,0,0,0,0,0,0,0,1,c:3986,0,0,0,1,0,0,4.0,1,1
c:61592,San Diego CA 92101,10/1/2010,0.5315,1.9205,2.2548,2.9781,12,3,2100000,2,CA,1,0,0,0,0,enterprise,0,0,0,1,0,0,0,0,0,0,c:61592,1,1,0,0,0,0,4.0,1,0
c:35236,San Francisco CA 94103,9/9/2009,0.1452,0.5014,0.4959,3.011,10,2,2565000,3,CA,1,0,0,0,0,mobile,0,0,1,0,0,0,0,0,0,0,c:35236,0,1,1,0,0,0,3.5,1,1
c:31968,Burlingame CA 94010,1/1/1997,10.7589,10.7589,2.5205,4.4767,0,1,2000000,0,CA,1,0,0,0,0,biotech,0,0,0,0,0,0,0,1,0,0,c:31968,0,0,0,0,0,0,1.0,0,0
c:27620,San Francisco CA 94105,1/1/2003,2.5671,5.6904,2.0027,2.0027,3,3,22400000,1,NC,0,0,0,0,1,network_hosting,0,0,0,0,0,0,0,0,0,1,c:27620,1,0,0,1,1,0,3.6667,1,1
c:9816,San Francisco CA 94105,6/1/2005,1.0822,1.0822,6.0027,6.0027,12,1,6250000,1,NY,0,1,0,0,0,ecommerce,0,0,0,0,0,0,1,0,0,0,c:9816,0,0,1,0,0,0,1.0,0,1
c:52566,New York NY 10001,2/1/2010,1.7479,1.7479,1.0,2.1096,4,1,575000,2,NY,0,1,0,0,0,web,0,1,0,0,0,0,0,0,0,0,c:52566,0,1,0,0,0,0,6.0,0,1
c:49236,Somerville MA 2143,8/1/2009,0.0,0.5808,0.0,0.0,1,2,53000,1,MA,0,0,1,0,0,web,0,1,0,0,0,0,0,0,0,0,c:49236,0,1,0,0,0,0,1.0,1,0
c:2234,San Francisco CA 94105,1/1/2006,0.9151,2.7753,3.0027,3.6466,6,2,9500000,2,CA,1,0,0,0,0,ecommerce,0,0,0,0,0,0,1,0,0,0,c:2234,0,0,1,1,0,0,2.5,1,1
c:3505,San Francisco CA 94105,10/1/2009,-0.7479,0.8192,-1.7507,0.2521,7,2,3500000,2,TX,0,0,0,1,0,enterprise,0,0,0,1,0,0,0,0,0,0,c:3505,0,1,1,0,0,0,1.0,1,0
c:56989,New York NY 10003,10/1/2009,0.7726,1.4959,-0.5863,3.7534,14,3,10500000,3,NY,0,1,0,0,0,photo_video,0,0,0,0,0,0,0,0,0,1,c:56989,1,0,1,0,0,0,6.3333,1,1
c:28482,Fremont CA 94538,1/1/2008,0.7562,4.4137,2.7836,4.0027,14,4,34250000,2,CA,1,0,0,0,0,cleantech,0,0,0,0,0,0,0,0,0,1,c:28482,1,0,1,1,1,0,2.25,1,1
c:40324,Waltham MA 2451,1/1/2006,0.6795,4.5507,2.5205,4.4767,2,5,85381111,0,MA,0,0,1,0,0,biotech,0,0,0,0,0,0,0,1,0,0,c:40324,0,0,1,1,1,0,4.6667,1,1
c:1595,Timonium MD 21093,1/1/2000,6.1671,7.9205,8.0055,11.2548,6,3,100000000,3,MD,0,0,0,0,1,web,0,1,0,0,0,0,0,0,0,0,c:1595,1,0,1,0,0,0,2.5,1,1
c:31294,Pittsburgh PA 15213,1/4/2009,-1.011,1.4877,0.4055,1.3205,3,2,125000,2,PA,0,0,0,0,1,advertising,0,0,0,0,1,0,0,0,0,0,c:31294,1,1,0,0,0,0,1.0,1,0
c:43875,Reston VA 20191,1/1/2003,2.3178,4.2356,-0.3342,-0.3342,2,2,10600000,1,VA,0,0,0,0,1,mobile,0,0,1,0,0,0,0,0,0,0,c:43875,1,0,0,1,0,0,3.0,1,0
c:16562,San Francisco CA 94105,1/1/2004,2.4192,5.4384,2.0027,2.0027,2,3,26100000,1,CA,1,0,0,0,0,semiconductor,0,0,0,0,0,0,0,0,0,1,c:16562,1,0,0,1,0,0,3.5,1,1
c:18075,San Francisco CA 94105,1/1/2000,7.5315,7.5315,10.7342,10.7342,2,1,30000000,1,NY,0,1,0,0,0,web,0,1,0,0,0,0,0,0,0,0,c:18075,1,0,0,0,0,0,5.0,1,1
c:86120,Chicago IL 60606,9/24/2010,1.0575,1.7699,1.0301,1.1123,6,3,132885,2,IL,0,0,0,0,1,games_video,0,0,0,0,0,1,0,0,0,0,c:86120,0,1,0,0,0,0,1.0,1,0
c:12173,San Francisco CA 94105,10/1/2006,0.6,4.2247,-0.7479,4.4767,9,3,9500000,2,CA,1,0,0,0,0,software,1,0,0,0,0,0,0,0,0,0,c:12173,0,0,1,1,1,0,2.0,1,1
c:44650,Palo Alto CA 94303,1/1/2000,6.1233,6.1233,6.0055,6.0055,9,1,18000000,1,CA,1,0,0,0,0,network_hosting,0,0,0,0,0,0,0,0,0,1,c:44650,1,0,0,0,0,0,7.0,1,1
c:70021,Cincinnati OH 45202,2/1/2010,1.8329,1.8329,1.7479,1.7479,4,1,690000,1,OH,0,0,0,0,1,web,0,1,0,0,0,0,0,0,0,0,c:70021,0,1,0,0,0,0,3.0,1,0
c:17660,Atlanta GA 30305,1/1/2001,5.1644,6.0055,2.5205,4.4767,1,3,25131611,0,GA,0,0,0,0,1,mobile,0,0,1,0,0,0,0,0,0,0,c:17660,1,0,0,1,0,0,1.0,1,1
c:51745,San Jose CA 95134,1/1/2007,3.5288,3.5288,2.5205,4.4767,1,1,2000000,0,CA,1,0,0,0,0,hardware,0,0,0,0,0,0,0,0,0,1,c:51745,0,0,0,0,0,0,1.0,1,0
c:25324,San Francisco CA 94105,1/1/2004,1.5836,6.6466,5.0055,7.0877,4,3,78750000,2,MA,0,0,1,0,0,biotech,0,0,0,0,0,0,0,1,0,0,c:25324,0,0,1,1,0,0,3.5,1,1
c:77,San Francisco CA 94105,11/1/2006,0.2521,4.4055,3.3151,6.7918,27,5,48500000,3,CA,1,0,0,0,0,advertising,0,0,0,0,1,0,0,0,0,0,c:77,1,1,1,1,1,0,2.5,1,1
c:1895,San Francisco CA 94105,1/1/2005,0.5726,0.5726,5.1671,8.0082,12,1,15000000,2,CA,1,0,0,0,0,network_hosting,0,0,0,0,0,0,0,0,0,1,c:1895,0,0,1,0,0,0,3.0,0,0
c:16593,San Francisco CA 94105,1/1/2007,0.9397,5.3178,2.5205,4.4767,13,5,74000000,0,CA,1,0,0,0,0,analytics,0,0,0,0,0,0,0,0,0,1,c:16593,1,0,0,1,1,0,5.3333,1,1
c:16289,San Francisco CA 94105,1/1/2005,0.7479,2.3315,2.0,2.0,6,2,15000000,1,CA,1,0,0,0,0,software,1,0,0,0,0,0,0,0,0,0,c:16289,0,0,1,1,0,0,3.0,1,1
c:575,San Francisco CA 94105,1/1/2004,2.0027,3.9178,3.0027,5.2192,8,3,45000000,3,NY,0,1,0,0,0,games_video,0,0,0,0,0,1,0,0,0,0,c:575,0,0,1,0,0,0,1.0,0,0
c:15562,San Francisco CA 94105,6/1/2006,1.9178,1.9178,2.0027,2.0027,4,1,4410000,1,CA,1,0,0,0,0,mobile,0,0,1,0,0,0,0,0,0,0,c:15562,0,0,1,0,0,0,1.0,1,1
c:62432,Sterling VA 20166,1/1/2010,0.0,0.8959,2.0,2.6767,9,2,4500000,2,VA,0,0,0,0,1,web,0,1,0,0,0,0,0,0,0,0,c:62432,0,0,1,1,0,0,2.0,1,1
c:8100,San Francisco CA 94105,1/1/2007,1.6712,3.7863,4.6685,5.6849,11,3,11040000,2,CA,1,0,0,0,0,software,1,0,0,0,0,0,0,0,0,0,c:8100,0,0,1,1,1,0,2.5,1,1
c:62262,San Francisco CA 94107,1/1/2009,1.8822,1.8822,1.3288,2.9479,6,1,1600000,2,CA,1,0,0,0,0,games_video,0,0,0,0,0,1,0,0,0,0,c:62262,0,0,1,0,0,0,3.0,1,1
c:3686,New York NY 10011,1/1/2002,3.4164,3.874,7.7534,7.7534,3,2,9000000,1,NY,0,1,0,0,0,software,1,0,0,0,0,0,0,0,0,0,c:3686,1,0,0,1,0,0,4.0,1,1
c:82805,San Francisco CA 94105,4/1/2010,1.3041,2.6493,0.0,3.6767,4,3,3282327,2,CA,1,0,0,0,0,analytics,0,0,0,0,0,0,0,0,0,1,c:82805,1,0,0,0,0,0,2.0,1,1
c:196,San Francisco CA 94105,1/1/2002,4.1644,4.1644,5.5836,11.3918,5,2,24700000,5,CA,1,0,0,0,0,web,0,1,0,0,0,0,0,0,0,0,c:196,0,0,1,1,0,0,4.0,1,1
c:28114,San Francisco CA 94105,1/1/2002,5.6986,6.8877,2.5205,4.4767,2,2,8800000,0,GA,0,0,0,0,1,semiconductor,0,0,0,0,0,0,0,0,0,1,c:28114,1,0,1,0,0,0,1.0,1,0
c:13277,San Francisco CA 94105,9/1/2007,1.1836,1.1836,0.9178,0.9178,1,1,1700000,1,CA,1,0,0,0,0,web,0,1,0,0,0,0,0,0,0,0,c:13277,0,0,1,0,0,0,1.0,0,0
c:63217,Oakland CA 94609,6/1/2010,0.2493,0.2493,0.0,0.7781,1,1,20000,2,CA,1,0,0,0,0,web,0,1,0,0,0,0,0,0,0,0,c:63217,0,1,0,0,0,0,1.0,0,0
c:2534,San Francisco CA 94105,1/1/2005,3.1041,4.9205,5.0027,8.3534,10,2,11500000,5,CA,1,0,0,0,0,mobile,0,0,1,0,0,0,0,0,0,0,c:2534,0,0,1,1,0,0,2.5,1,1
c:5264,San Francisco CA 94105,1/1/2001,2.3068,9.4247,4.4986,11.4164,12,7,98170000,3,CA,1,0,0,0,0,mobile,0,0,1,0,0,0,0,0,0,0,c:5264,1,0,0,1,1,1,5.2,1,0
c:58512,San Francisco CA 94105,1/1/2010,1.2219,1.2219,0.7479,2.6849,2,1,1350000,3,CA,1,0,0,0,0,web,0,1,0,0,0,0,0,0,0,0,c:58512,0,1,0,0,0,0,10.0,1,1
c:12957,San Francisco CA 94105,11/1/2005,4.7068,4.7068,2.989,6.863,17,1,940261,2,IL,0,0,0,0,1,software,1,0,0,0,0,0,0,0,0,0,c:12957,0,0,1,0,0,0,1.0,1,1
c:34499,Boston MA 2109,6/4/2007,1.6658,3.6712,3.6658,3.6712,12,2,4000000,3,MA,0,0,1,0,0,web,0,1,0,0,0,0,0,0,0,0,c:34499,0,1,1,0,0,0,3.0,1,1
c:34028,Sunnyvale CA 94085,1/1/2008,1.9562,1.9562,1.0027,1.0027,5,1,5000000,1,CA,1,0,0,0,0,web,0,1,0,0,0,0,0,0,0,0,c:34028,0,0,1,0,0,0,1.0,0,0
c:23335,San Francisco CA 94105,4/17/2009,0.0027,0.0027,0.5836,0.5836,3,1,20000,1,VA,0,0,0,0,1,web,0,1,0,0,0,0,0,0,0,0,c:23335,0,1,0,0,0,0,1.0,0,0
c:30526,San Francisco CA 94105,1/1/2002,4.0301,4.0301,3.0027,3.0027,5,1,12500000,1,WA,0,0,0,0,1,network_hosting,0,0,0,0,0,0,0,0,0,1,c:30526,0,0,0,1,0,0,3.0,1,1
c:42519,Centennial CO 80112,1/1/2009,1.3397,4.6548,1.3589,1.3753,0,5,7228704,2,CO,0,0,0,0,1,finance,0,0,0,0,0,0,0,0,0,1,c:42519,1,0,1,0,0,0,2.0,1,0
c:48376,Chicago IL 60631,1/1/2006,4.3836,5.9562,5.4986,5.4986,5,2,55000000,1,IL,0,0,0,0,1,biotech,0,0,0,0,0,0,0,1,0,0,c:48376,1,0,0,1,0,0,4.0,1,0
c:15693,San Francisco CA 94105,1/1/2004,2.063,6.6137,2.5205,4.4767,5,4,15180000,0,CA,1,0,0,0,0,enterprise,0,0,0,1,0,0,0,0,0,0,c:15693,1,0,1,0,1,0,1.0,1,1
c:47587,San Jose CA 95134,1/1/2008,2.3479,3.4301,2.3562,4.0027,4,2,30000000,2,CA,1,0,0,0,0,software,1,0,0,0,0,0,0,0,0,0,c:47587,0,0,1,1,0,0,2.5,1,0
c:1669,San Francisco CA 94105,1/1/2006,2.5233,2.6685,3.0027,4.4247,11,2,14500000,3,TX,0,0,0,1,0,network_hosting,0,0,0,0,0,0,0,0,0,1,c:1669,0,0,1,1,0,0,1.5,1,1
c:421,San Francisco CA 94105,1/1/2009,2.0685,2.0685,2.5808,4.3671,6,1,6500000,3,CA,1,0,0,0,0,advertising,0,0,0,0,1,0,0,0,0,0,c:421,1,0,0,0,0,0,3.0,1,1
c:155621,Memphis TN 38103-4717,1/29/2012,0.0,0.0,0.0,0.0,2,1,15000,1,TN,0,0,0,0,1,web,0,1,0,0,0,0,0,0,0,0,c:155621,0,1,0,0,0,0,1.0,0,0
c:40782,New York NY 10013,7/1/2009,0.7288,3.6055,1.589,4.1041,5,5,4705910,3,NY,0,1,0,0,0,mobile,0,0,1,0,0,0,0,0,0,0,c:40782,1,1,0,0,0,0,3.0,1,1
c:51306,San Francisco CA 94105,1/1/2008,2.8055,2.8055,3.0027,4.6493,6,1,3000000,2,CA,1,0,0,0,0,games_video,0,0,0,0,0,1,0,0,0,0,c:51306,1,0,0,0,0,0,1.0,1,1
c:1088,San Francisco CA 94105,2/1/2007,0.7452,4.9178,3.0438,6.8411,30,6,125250000,5,NY,0,1,0,0,0,web,0,1,0,0,0,0,0,0,0,0,c:1088,1,0,1,1,1,1,3.5,1,1
c:34522,New York NY 10013,1/1/2008,0.3315,4.0027,2.3644,3.6685,8,4,1449998,3,NY,0,1,0,0,0,social,0,0,0,0,0,0,0,0,0,1,c:34522,1,1,0,0,0,0,1.0,1,0
c:83692,Cambridge MA 2139,2/1/2011,0.6959,1.189,0.6629999999999999,2.6247,5,2,6000000,3,MA,0,0,1,0,0,mobile,0,0,1,0,0,0,0,0,0,0,c:83692,0,1,1,0,0,0,6.0,1,1
c:43831,Plymouth MN 55441,1/1/2005,2.0603,6.2301,2.5205,4.4767,7,3,28200000,0,MN,0,0,0,0,1,medical,0,0,0,0,0,0,0,0,0,1,c:43831,1,0,0,1,1,0,3.0,1,1
c:28428,San Francisco CA 94105,8/1/2005,3.1479,4.8795,5.0027,5.0027,5,2,14000000,1,CA,1,0,0,0,0,software,1,0,0,0,0,0,0,0,0,0,c:28428,1,0,1,0,0,0,2.0,1,1
c:17974,San Francisco CA 94105,7/1/2007,1.5808,1.5808,2.2521,2.5342,14,1,3000000,2,TX,0,0,0,1,0,enterprise,0,0,0,1,0,0,0,0,0,0,c:17974,0,0,1,0,0,0,1.0,0,0
c:81475,Seattle WA 98104,1/1/2010,1.5151,1.7644,0.7479,0.7479,6,2,2238055,1,WA,0,0,0,0,1,enterprise,0,0,0,1,0,0,0,0,0,0,c:81475,1,1,0,0,0,0,1.0,1,0
c:76543,San Francisco CA 94108,9/1/2010,0.7123,2.2849,1.9507,2.2822,5,2,5200000,2,CA,1,0,0,0,0,photo_video,0,0,0,0,0,0,0,0,0,1,c:76543,1,0,1,0,0,0,1.0,1,0
c:84161,San Francisco CA 94105,1/1/2010,3.6329,3.6329,1.1479,3.7781,4,1,75000000,4,PA,0,0,0,0,1,ecommerce,0,0,0,0,0,0,1,0,0,0,c:84161,1,0,0,0,0,0,1.0,0,1
c:810,San Francisco CA 94105,9/1/2006,0.411,3.9699,4.2521,5.7671,13,4,24500000,4,MA,0,0,1,0,0,software,1,0,0,0,0,0,0,0,0,0,c:810,0,0,1,1,1,0,2.5,1,0
c:16488,San Francisco CA 94105,1/1/2002,4.9068,8.1014,2.5205,4.4767,3,3,4476171,0,CA,1,0,0,0,0,advertising,0,0,0,0,1,0,0,0,0,0,c:16488,1,0,1,0,0,0,2.0,1,0
c:11042,San Francisco CA 94105,8/28/2007,0.5014,2.4219,2.8192,5.8849,21,3,10400001,3,TX,0,0,0,1,0,web,0,1,0,0,0,0,0,0,0,0,c:11042,0,0,1,1,0,0,6.0,1,1
c:17633,San Francisco CA 94105,1/1/2002,4.1836,7.1342,5.0027,5.0027,8,3,68400000,1,CO,0,0,0,0,1,network_hosting,0,0,0,0,0,0,0,0,0,1,c:17633,1,0,0,0,1,1,6.5,1,1
c:3187,San Francisco CA 94105,1/1/2004,2.9288,4.6329,2.5205,4.4767,13,2,15200000,0,CA,1,0,0,0,0,software,1,0,0,0,0,0,0,0,0,0,c:3187,0,0,1,1,0,0,2.0,1,1
c:164922,New York NY 10012,1/1/2011,0.6192,1.5863,2.5205,4.4767,2,2,890000,0,NY,0,1,0,0,0,mobile,0,0,1,0,0,0,0,0,0,0,c:164922,0,1,0,0,0,0,3.0,1,0
c:81886,San Francisco CA 94108,1/1/2001,10.5315,10.5315,2.5205,4.4767,0,1,2600000,0,CA,1,0,0,0,0,mobile,0,0,1,0,0,0,0,0,0,0,c:81886,1,0,0,0,0,0,1.0,1,0
c:54585,San Francisco CA 94105,1/1/2009,3.8685,3.8685,3.8301,4.0877,7,1,1226270,2,IL,0,0,0,0,1,enterprise,0,0,0,1,0,0,0,0,0,0,c:54585,0,1,0,0,0,0,1.0,1,1
c:11507,San Francisco CA 94105,1/1/2002,6.737,8.2877,6.7534,6.7534,5,2,9000000,1,CA,1,0,0,0,0,web,0,1,0,0,0,0,0,0,0,0,c:11507,0,0,1,1,0,0,1.0,0,1
c:24860,San Francisco CA 94105,1/1/2004,4.6521,8.1288,6.0055,6.0055,4,4,7210210,1,CA,1,0,0,0,0,enterprise,0,0,0,1,0,0,0,0,0,0,c:24860,1,0,1,1,0,0,1.0,0,1
c:148750,San Francisco CA 94103,1/1/2011,0.7397,1.1425,0.5808,0.5808,15,2,15700000,1,CA,1,0,0,0,0,automotive,0,0,0,0,0,0,0,0,0,1,c:148750,0,0,1,0,0,0,3.0,1,1
c:45611,Waltham MA 2451,1/1/2000,5.6849,6.3151,5.0055,5.0055,4,2,15050000,1,MA,0,0,1,0,0,software,1,0,0,0,0,0,0,0,0,0,c:45611,1,0,0,0,1,0,2.5,1,1
c:4106,San Francisco CA 94105,8/1/2006,0.7479,2.7507,1.5836,4.5315,5,2,3500000,2,CA,1,0,0,0,0,games_video,0,0,0,0,0,1,0,0,0,0,c:4106,0,0,1,1,0,0,3.0,1,1
c:17775,San Francisco CA 94105,1/1/2000,6.4767,7.3507,5.0055,5.0055,2,2,43000000,1,CA,1,0,0,0,0,software,1,0,0,0,0,0,0,0,0,0,c:17775,0,0,0,0,1,1,1.0,1,0
c:144,San Francisco CA 94105,1/1/2005,1.1616,3.0384,3.2658,5.5397,7,2,57000000,2,CA,1,0,0,0,0,web,0,1,0,0,0,0,0,0,0,0,c:144,0,0,1,1,0,0,3.5,1,1
c:13046,San Francisco CA 94105,9/1/2007,0.8932,0.8932,0.8329,4.2137,8,1,1300000,4,CA,1,0,0,0,0,web,0,1,0,0,0,0,0,0,0,0,c:13046,0,1,0,0,0,0,4.0,1,1
c:40,San Francisco CA 94105,1/1/2004,1.4986,4.4247,4.0877,9.737,15,4,69750000,4,CA,1,0,0,0,0,games_video,0,0,0,0,0,1,0,0,0,0,c:40,0,0,1,1,1,1,5.0,1,1
c:26460,San Francisco CA 94105,1/1/2001,3.0,5.0027,9.6247,10.3945,16,2,14500000,2,MA,0,0,1,0,0,advertising,0,0,0,0,1,0,0,0,0,0,c:26460,0,1,0,1,0,0,2.0,1,1
c:15887,San Francisco CA 94105,1/1/2002,4.0849,5.5836,2.5205,4.4767,2,2,48000000,0,CA,1,0,0,0,0,hardware,0,0,0,0,0,0,0,0,0,1,c:15887,0,0,0,0,1,1,6.0,1,0
c:36742,Pittsburgh PA 15218,6/1/2006,3.5041,5.4438,2.5205,4.4767,3,2,3508462,0,PA,0,0,0,0,1,medical,0,0,0,0,0,0,0,0,0,1,c:36742,1,0,1,0,0,0,3.0,1,0
c:3962,San Francisco CA 94105,1/1/2002,3.4301,5.5589,7.8384,7.8384,10,3,19500000,1,CA,1,0,0,0,0,software,1,0,0,0,0,0,0,0,0,0,c:3962,0,0,1,1,0,0,3.3333,1,1
c:162116,Santa Monica CA 90405,1/1/2012,0.4685,0.4685,1.1041,1.6795,5,1,3750000,3,CA,1,0,0,0,0,mobile,0,0,1,0,0,0,0,0,0,0,c:162116,0,0,0,0,0,0,9.0,1,1
c:55044,Warrenville IL 60555,8/1/2010,0.0,0.0,2.5205,4.4767,1,1,45000000,0,IL,0,0,0,0,1,web,0,1,0,0,0,0,0,0,0,0,c:55044,0,0,0,0,0,0,2.0,0,0
c:7207,San Francisco CA 94105,4/1/2005,0.8164,5.5616,4.5562,7.9863,8,4,32500000,3,NC,0,0,0,0,1,enterprise,0,0,0,1,0,0,0,0,0,0,c:7207,0,0,1,1,1,1,2.75,1,0
c:863,San Francisco CA 94105,3/1/2000,1.8384,8.3397,5.674,13.5562,4,2,4900000,5,PA,0,0,0,0,1,enterprise,0,0,0,1,0,0,0,0,0,0,c:863,0,1,0,1,0,0,1.5,1,1
c:16066,San Francisco CA 94105,1/1/2005,2.2986,3.2110000000000003,3.5945,4.5753,4,2,12000000,3,CA,1,0,0,0,0,advertising,0,0,0,0,1,0,0,0,0,0,c:16066,0,0,0,1,1,0,2.0,1,0
c:220,San Francisco CA 94105,1/20/2006,0.0329,2.2055,4.5151,6.9123,12,3,7175000,6,CA,1,0,0,0,0,web,0,1,0,0,0,0,0,0,0,0,c:220,0,1,1,1,0,0,2.6667,1,1
c:54,San Francisco CA 94105,12/1/2005,1.1699,1.4986,0.0849,5.3863,3,2,4700000,4,CA,1,0,0,0,0,web,0,1,0,0,0,0,0,0,0,0,c:54,0,1,1,0,0,0,1.5,1,0
c:9730,San Francisco CA 94105,1/1/2008,0.0,0.0,2.5205,4.4767,3,1,120000,0,CA,1,0,0,0,0,public_relations,0,0,0,0,0,0,0,0,0,1,c:9730,0,1,0,0,0,0,2.0,0,0
c:3122,San Francisco CA 94105,5/2/2002,5.1041,8.6411,5.6712,6.8986,10,3,10000000,2,CA,1,0,0,0,0,advertising,0,0,0,0,1,0,0,0,0,0,c:3122,1,0,0,1,0,0,1.6667,0,1
c:36579,Austin TX 78729,7/1/2000,4.9562,10.3151,2.5205,4.4767,0,4,39000000,0,TX,0,0,0,1,0,semiconductor,0,0,0,0,0,0,0,0,0,1,c:36579,1,0,1,0,0,0,3.0,0,0
c:43327,Marlborough MA 01752-4603,1/1/2003,2.2411,4.0301,2.5205,4.4767,3,2,16100000,0,MA,0,0,1,0,0,software,1,0,0,0,0,0,0,0,0,0,c:43327,0,0,0,1,1,0,2.5,1,1
c:1789,San Francisco CA 94105,1/1/2006,1.2466,2.0849,2.4986,5.3233,4,2,3300000,3,CA,1,0,0,0,0,advertising,0,0,0,0,1,0,0,0,0,0,c:1789,0,1,1,0,0,0,2.0,1,1
c:38339,San Francisco CA 94110,2/1/2009,1.5616,1.5616,1.2438,1.7726,6,1,750000,3,CA,1,0,0,0,0,analytics,0,0,0,0,0,0,0,0,0,1,c:38339,0,1,0,0,0,0,9.0,1,1
c:13410,San Francisco CA 94105,6/1/2006,2.4493,2.4493,2.5205,4.4767,0,2,1000000,0,GA,0,0,0,0,1,software,1,0,0,0,0,0,0,0,0,0,c:13410,1,1,0,0,0,0,2.0,0,0
c:43915,New York NY 10154,1/1/1996,11.3342,11.3342,2.5205,4.4767,3,1,7410000,0,NY,0,1,0,0,0,biotech,0,0,0,0,0,0,0,1,0,0,c:43915,1,0,0,0,0,0,3.0,1,0
c:37712,San Jose CA 95134,1/1/2000,6.8932,10.4082,2.5205,4.4767,5,3,52800000,0,CA,1,0,0,0,0,semiconductor,0,0,0,0,0,0,0,0,0,1,c:37712,1,0,0,0,1,0,5.3333,1,1
c:3288,Playa Vista CA 90094,1/1/2001,4.6685,9.1178,9.7534,12.8027,33,3,37000000,4,CA,1,0,0,0,0,software,1,0,0,0,0,0,0,0,0,0,c:3288,0,0,1,1,1,0,1.3333,1,0
c:10179,San Francisco CA 94105,12/1/2007,1.137,3.737,2.463,3.2164,14,3,14229998,3,CA,1,0,0,0,0,web,0,1,0,0,0,0,0,0,0,0,c:10179,0,0,1,1,0,0,3.0,1,1
c:33869,Cupertino CA 95014,1/1/2009,0.7205,2.4356,0.7671,2.7918,7,2,3000000,2,CA,1,0,0,0,0,messaging,0,0,0,0,0,0,0,0,0,1,c:33869,0,0,1,1,0,0,2.5,1,1
c:21528,New York NY 10013,1/1/2005,4.0384,4.0384,6.0027,6.0027,10,1,20000000,1,NY,0,1,0,0,0,advertising,0,0,0,0,1,0,0,0,0,0,c:21528,0,0,1,0,0,0,1.0,0,1
c:30820,Providence RI 2906,11/1/2008,0.7479,2.0959,1.6548,2.0959,6,2,2000000,3,RI,0,0,0,0,1,advertising,0,0,0,0,1,0,0,0,0,0,c:30820,0,1,0,0,0,0,1.5,1,1
c:25782,San Francisco CA 94105,1/1/2003,3.8192,6.0932,9.0055,9.7726,3,2,19900000,2,DC,0,0,0,0,1,software,1,0,0,0,0,0,0,0,0,0,c:25782,1,0,0,1,0,0,2.0,1,1
c:278,San Francisco CA 94105,9/1/2006,1.2493,1.2493,2.589,2.589,6,1,1500000,1,CA,1,0,0,0,0,ecommerce,0,0,0,0,0,0,1,0,0,0,c:278,0,0,0,0,0,0,1.0,0,0
c:75500,San Francisco CA 94105,7/1/2009,0.0,0.0,1.2521,1.2521,4,1,325000,1,CA,1,0,0,0,0,cleantech,0,0,0,0,0,0,0,0,0,1,c:75500,0,1,0,0,0,0,4.0,0,0
c:67806,San Francisco CA 94105,9/1/2010,0.463,0.463,1.2795,1.8192,16,1,3500000,2,CA,1,0,0,0,0,enterprise,0,0,0,1,0,0,0,0,0,0,c:67806,0,0,1,0,0,0,5.0,1,0
c:1212,San Francisco CA 94105,1/1/2004,2.0027,4.3863,1.5836,4.1918,7,4,30000000,2,WA,0,0,0,0,1,network_hosting,0,0,0,0,0,0,0,0,0,1,c:1212,0,1,1,1,0,0,2.0,1,0
c:31754,Mountain View CA 94043-1107,1/1/2003,4.2384,4.2384,2.5205,4.4767,1,1,50000000,0,CA,1,0,0,0,0,biotech,0,0,0,0,0,0,0,1,0,0,c:31754,0,0,0,0,0,1,6.0,1,1
c:25307,San Francisco CA 94105,1/1/2008,1.4712,1.4712,1.0027,1.4712,5,1,2000000,2,NY,0,1,0,0,0,ecommerce,0,0,0,0,0,0,1,0,0,0,c:25307,0,0,1,0,0,0,3.0,1,1
c:1870,San Francisco CA 94105,5/1/2005,1.5041,5.8356,6.1699,8.3534,25,6,72000000,2,CA,1,0,0,0,0,advertising,0,0,0,0,1,0,0,0,0,0,c:1870,1,0,1,1,1,1,2.3333,1,1
c:27285,San Francisco CA 94105,1/1/2004,1.6849,5.8493,8.4219,8.4219,4,3,27690547,1,CA,1,0,0,0,0,cleantech,0,0,0,0,0,0,0,0,0,1,c:27285,0,0,0,1,1,1,4.5,1,1
c:48640,Plano TX 75023,3/1/2004,2.189,2.189,2.5205,4.4767,32,1,9000000,0,TX,0,0,0,1,0,semiconductor,0,0,0,0,0,0,0,0,0,1,c:48640,0,0,0,1,0,0,4.0,1,0
c:18470,San Francisco CA 94105,6/1/2008,0.4192,1.4658,3.1315,4.137,12,2,7500000,3,CA,1,0,0,0,0,enterprise,0,0,0,1,0,0,0,0,0,0,c:18470,0,0,1,0,0,0,3.5,1,1
c:21395,San Francisco CA 94105,1/1/2007,0.6932,1.4986,3.4164,3.4164,9,2,10000000,1,TX,0,0,0,1,0,software,1,0,0,0,0,0,0,0,0,0,c:21395,0,0,1,0,0,0,2.0,1,1
c:25132,San Francisco CA 94105,1/1/2006,1.4411,6.6795,2.0,2.0,7,4,5965000,1,CA,1,0,0,0,0,software,1,0,0,0,0,0,0,0,0,0,c:25132,1,0,1,0,0,0,1.0,0,1
c:72,San Francisco CA 94105,4/1/2006,-0.2466,-0.2466,-0.4082,7.4548,9,1,4000000,4,CA,1,0,0,0,0,mobile,0,0,1,0,0,0,0,0,0,0,c:72,0,0,1,0,0,0,1.0,0,1
c:17429,San Francisco CA 94105,1/1/2003,5.1397,5.1397,7.0055,7.0055,2,1,5000000,1,MI,0,0,0,0,1,advertising,0,0,0,0,1,0,0,0,0,0,c:17429,1,0,0,0,0,0,1.0,0,0
c:487,San Francisco CA 94105,1/1/2004,1.0877,1.0877,5.0959,7.3863,15,1,11500000,2,CA,1,0,0,0,0,advertising,0,0,0,0,1,0,0,0,0,0,c:487,0,0,1,0,0,0,2.0,1,1
c:40665,Chicago IL 60657,1/1/2009,1.0356,2.1479,1.5808,1.5808,2,2,1050000,1,IL,0,0,0,0,1,web,0,1,0,0,0,0,0,0,0,0,c:40665,1,0,0,0,0,0,1.0,0,0
c:2972,San Francisco CA 94105,1/1/2007,1.1644,1.3507,1.3507,3.3315,13,2,5500000,2,NY,0,1,0,0,0,web,0,1,0,0,0,0,0,0,0,0,c:2972,0,0,1,0,0,0,2.0,1,1
c:1832,San Francisco CA 94105,2/1/2007,0.8301,2.8329,1.0877,3.337,17,3,5000000,4,PA,0,0,0,0,1,advertising,0,0,0,0,1,0,0,0,0,0,c:1832,0,1,1,0,0,0,1.6667,1,1
c:30173,Mountain View CA 94043,1/1/2011,-1.0521,0.6247,-1.3589,1.663,11,2,3700000,3,CA,1,0,0,0,0,enterprise,0,0,0,1,0,0,0,0,0,0,c:30173,1,0,0,0,0,0,3.0,0,0
c:17512,San Francisco CA 94105,1/1/2006,1.2137,3.0082,2.5205,4.4767,4,2,7000000,0,CA,1,0,0,0,0,software,1,0,0,0,0,0,0,0,0,0,c:17512,0,0,1,0,0,0,2.0,0,0
c:833,San Francisco CA 94105,1/1/2005,1.2466,2.1616,2.0,3.8137,14,2,32000000,4,MA,0,0,1,0,0,network_hosting,0,0,0,0,0,0,0,0,0,1,c:833,0,0,1,1,0,0,3.5,1,0
c:615,San Francisco CA 94105,1/1/2007,0.7123,4.2301,2.6685,3.0575,8,3,7900000,2,MA,0,0,1,0,0,advertising,0,0,0,0,1,0,0,0,0,0,c:615,0,0,1,0,0,0,2.0,0,1
c:1731,San Francisco CA 94105,4/1/2006,0.6685,6.2795,2.7945,7.4493,16,5,80000000,3,CA,1,0,0,0,0,network_hosting,0,0,0,0,0,0,0,0,0,1,c:1731,0,1,1,1,1,1,2.25,1,1
c:39755,Austin TX 78701,1/1/2005,4.8247,4.8247,0.2466,0.2466,1,1,5000000,1,TX,0,0,0,1,0,mobile,0,0,1,0,0,0,0,0,0,0,c:39755,1,0,0,0,0,0,1.0,1,0
c:134,San Francisco CA 94105,1/1/2006,1.0,3.1863,2.4301,7.6247,5,2,2100000,3,WA,0,0,0,0,1,security,0,0,0,0,0,0,0,0,0,1,c:134,0,1,1,0,0,0,1.5,1,1
c:6313,San Francisco CA 94105,12/1/2004,0.2055,4.3973,3.4164,3.4164,6,4,22250000,1,MD,0,0,0,0,1,enterprise,0,0,0,1,0,0,0,0,0,0,c:6313,0,0,1,1,1,1,2.5,1,1
c:107746,Portland OR 97209,3/1/2011,0.5397,1.5014,-14.1699,2.2082,6,2,1975000,2,OR,0,0,0,0,1,enterprise,0,0,0,1,0,0,0,0,0,0,c:107746,1,1,0,0,0,0,3.0,0,1
c:2566,San Francisco CA 94105,1/1/2008,0.0,0.0,3.5918,4.3260000000000005,0,1,1000000,2,NY,0,1,0,0,0,web,0,1,0,0,0,0,0,0,0,0,c:2566,0,1,0,0,0,0,1.0,1,1
c:47440,Allentown PA 18106,1/1/2008,2.3452,2.3452,2.5205,4.4767,0,1,35000000,0,PA,0,0,0,0,1,cleantech,0,0,0,0,0,0,0,0,0,1,c:47440,0,0,0,0,1,0,1.0,0,0
c:44,San Francisco CA 94105,9/1/2005,0.0822,4.3260000000000005,3.663,5.6110000000000015,12,7,88651133,5,NY,0,1,0,0,0,mobile,0,0,1,0,0,0,0,0,0,0,c:44,1,1,1,1,1,1,3.1667,1,1
c:30527,San Francisco CA 94105,1/1/2000,5.5945,5.5945,2.5205,4.4767,3,1,26000000,0,MA,0,0,1,0,0,semiconductor,0,0,0,0,0,0,0,0,0,1,c:30527,1,0,0,0,0,0,2.0,1,1
c:83176,Los Angeles CA 90017,5/1/2010,0.6712,0.6712,0.0,0.7562,3,1,100000,2,CA,1,0,0,0,0,games_video,0,0,0,0,0,1,0,0,0,0,c:83176,0,1,0,0,0,0,1.0,0,0
c:20488,Denver CO 80202,6/1/2005,1.0,1.0,3.811,4.9178,6,1,5000000,3,CO,0,0,0,0,1,mobile,0,0,1,0,0,0,0,0,0,0,c:20488,0,0,1,0,0,0,1.0,1,1
c:24570,San Francisco CA 94105,1/1/2000,6.8356,8.3096,2.5205,4.4767,5,2,7300000,0,GA,0,0,0,0,1,biotech,0,0,0,0,0,0,0,1,0,0,c:24570,1,0,1,0,0,0,3.0,1,0
c:20506,Mountain View CA 94043,1/1/2003,2.0027,6.2274,4.0027,10.7616,8,3,64080000,2,CA,1,0,0,0,0,biotech,0,0,0,0,0,0,0,1,0,0,c:20506,0,0,1,1,1,0,4.0,1,1
c:69279,Providence RI 2903,7/1/2010,1.3425,1.726,-0.0822,1.7205,8,2,5800000,2,RI,0,0,0,0,1,enterprise,0,0,0,1,0,0,0,0,0,0,c:69279,0,1,1,0,0,0,4.0,1,1
c:23192,San Francisco CA 94105,1/1/2004,4.0027,5.7534,5.9233,6.0,6,4,89500000,2,CA,1,0,0,0,0,finance,0,0,0,0,0,0,0,0,0,1,c:23192,0,0,0,1,1,0,1.0,1,0
c:38,San Francisco CA 94105,12/1/2006,0.5808,5.2521,3.0877,4.1699,11,4,23350000,2,CA,1,0,0,0,0,games_video,0,0,0,0,0,1,0,0,0,0,c:38,0,1,1,1,0,0,3.0,1,1
c:7376,San Francisco CA 94105,10/1/2002,3.6877,5.9644,2.5205,4.4767,7,2,13500000,0,MA,0,0,1,0,0,software,1,0,0,0,0,0,0,0,0,0,c:7376,1,0,0,0,1,0,2.5,1,1
c:16070,San Francisco CA 94105,1/1/2000,7.3534,8.126,11.0329,11.0575,13,2,24500000,2,MA,0,0,1,0,0,security,0,0,0,0,0,0,0,0,0,1,c:16070,0,0,0,0,0,0,5.5,1,1
c:53814,Redwood City CA 94065,1/1/2002,3.6027,3.6027,3.0027,3.0027,2,1,10000000,1,CA,1,0,0,0,0,public_relations,0,0,0,0,0,0,0,0,0,1,c:53814,0,0,0,0,1,0,4.0,1,0
c:53831,Salt Lake City UT 84124,1/1/2007,-1.9863,-1.9863,2.5205,4.4767,3,1,8500000,0,UT,0,0,0,0,1,other,0,0,0,0,0,0,0,0,0,1,c:53831,1,0,0,0,0,0,1.0,0,0
c:24040,San Francisco CA 94105,1/1/1992,16.4192,16.4192,2.5205,4.4767,0,1,6000000,0,TX,0,0,0,1,0,cleantech,0,0,0,0,0,0,0,0,0,1,c:24040,0,0,0,1,0,0,3.0,0,0
c:40762,Palo Alto CA 94306,7/1/2008,1.337,1.337,1.3479,1.3479,3,1,2000000,1,CA,1,0,0,0,0,software,1,0,0,0,0,0,0,0,0,0,c:40762,0,0,1,0,0,0,2.0,1,1
c:75008,Austin TX 78701,6/1/2010,1.1123,1.937,0.0,1.1123,3,2,4100000,2,TX,0,0,0,1,0,enterprise,0,0,0,1,0,0,0,0,0,0,c:75008,0,0,1,0,0,0,1.5,1,1
c:197,San Francisco CA 94105,8/19/2004,0.3699,0.3699,1.9507,8.3178,5,1,6200000,4,CA,1,0,0,0,0,search,0,0,0,0,0,0,0,0,0,1,c:197,0,0,1,0,0,0,2.0,1,1
c:3087,San Francisco CA 94105,1/1/2003,4.0877,5.5753,4.0027,4.0027,8,2,12250000,1,CA,1,0,0,0,0,advertising,0,0,0,0,1,0,0,0,0,0,c:3087,0,0,0,1,1,0,2.5,1,1
c:23098,San Francisco CA 94105,4/14/2003,3.3945,5.0712,5.7233,8.7342,3,2,11725600,2,CA,1,0,0,0,0,mobile,0,0,1,0,0,0,0,0,0,0,c:23098,0,0,1,1,0,0,2.0,1,1
c:45792,Burlington MA 1803,1/1/2001,4.3151,5.8301,2.5205,4.4767,1,2,16000000,0,MA,0,0,1,0,0,software,1,0,0,0,0,0,0,0,0,0,c:45792,0,0,1,1,0,0,3.0,1,0
c:37215,Seattle WA 98103,8/11/2006,2.4767,4.3836,3.3945,4.9863,10,3,5056559,2,WA,0,0,0,0,1,mobile,0,0,1,0,0,0,0,0,0,0,c:37215,1,0,1,0,0,0,1.6667,1,1
c:314,San Francisco CA 94105,1/1/2005,0.4137,0.4137,6.8329,8.874,9,1,100000,3,CA,1,0,0,0,0,web,0,1,0,0,0,0,0,0,0,0,c:314,0,1,0,0,0,0,1.0,1,1
c:3991,San Francisco CA 94108,9/1/2001,2.3342,6.9671,4.0027,8.3014,11,3,68200000,3,CA,1,0,0,0,0,hardware,0,0,0,0,0,0,0,0,0,1,c:3991,1,1,0,0,0,0,4.0,1,1
c:16892,Alameda CA 94501,1/1/2001,4.0877,9.3068,6.0027,6.0027,5,3,33000000,1,CA,1,0,0,0,0,enterprise,0,0,0,1,0,0,0,0,0,0,c:16892,1,0,0,1,0,1,3.6667,1,1
c:38460,Durham NC 27701,1/1/2009,1.7863,3.3014,2.0822,2.3288,8,3,3352194,2,NC,0,0,0,0,1,analytics,0,0,0,0,0,0,0,0,0,1,c:38460,0,1,1,0,0,0,9.5,0,0
c:64959,New York NY 10001,3/1/2010,1.4082,1.9068,-0.1616,1.8384,5,2,2212000,2,NY,0,1,0,0,0,analytics,0,0,0,0,0,0,0,0,0,1,c:64959,0,1,1,0,0,0,3.0,1,1
c:36484,Redwood City CA 94063,1/1/2004,5.9014,7.2904,2.5205,4.4767,1,4,19800000,0,CA,1,0,0,0,0,biotech,0,0,0,0,0,0,0,1,0,0,c:36484,1,0,0,0,0,1,5.0,1,1
c:47270,San Mateo CA 94401,2/1/2010,0.8301,1.0986,1.1014,1.1616,6,2,4500000,2,CA,1,0,0,0,0,web,0,1,0,0,0,0,0,0,0,0,c:47270,0,1,1,0,0,0,3.0,1,0
c:17433,San Francisco CA 94105,1/1/2004,4.0027,4.0055,4.0027,4.0027,2,2,14000000,1,MA,0,0,1,0,0,software,1,0,0,0,0,0,0,0,0,0,c:17433,1,0,0,1,0,0,1.5,1,1
c:144687,Weston FL 33327,11/11/2011,0.0548,0.0548,0.0685,0.4,4,1,100000,2,FL,0,0,0,0,1,social,0,0,0,0,0,0,0,0,0,1,c:144687,0,1,0,0,0,0,1.0,0,0
c:6592,San Francisco CA 94105,1/1/2004,2.3562,3.4274,3.0027,5.3425,4,2,9900000,2,CA,1,0,0,0,0,software,1,0,0,0,0,0,0,0,0,0,c:6592,0,0,1,1,0,0,2.0,1,1
c:34545,San Francisco CA 94104,1/1/2008,0.0,5.063,5.0055,5.7945,10,3,7600000,2,CA,1,0,0,0,0,advertising,0,0,0,0,1,0,0,0,0,0,c:34545,0,0,1,1,0,0,5.0,1,1
c:17030,San Francisco CA 94105,7/1/2008,0.0,0.0,0.737,0.737,2,1,50000,1,CA,1,0,0,0,0,games_video,0,0,0,0,0,1,0,0,0,0,c:17030,0,1,0,0,0,0,2.0,0,0
c:13358,San Francisco CA 94105,2/1/2007,-0.0849,-0.0849,2.5205,4.4767,3,1,650000,0,CA,1,0,0,0,0,public_relations,0,0,0,0,0,0,0,0,0,1,c:13358,0,1,0,0,0,0,1.0,0,0
c:10610,San Francisco CA 94105,1/1/2008,0.9178,2.7288,2.4164,2.7288,8,3,10500000,3,CA,1,0,0,0,0,mobile,0,0,1,0,0,0,0,0,0,0,c:10610,1,0,1,1,0,0,2.0,1,0
c:68470,Santa Monica CA 90401,1/1/2012,0.4712,0.4712,0.0,0.9178,12,1,500000,2,CA,1,0,0,0,0,web,0,1,0,0,0,0,0,0,0,0,c:68470,0,1,0,0,0,0,1.0,0,1
c:10197,San Francisco CA 94105,1/1/2003,1.9342,4.0438,2.0027,10.189,2,2,24300000,3,CA,1,0,0,0,0,web,0,1,0,0,0,0,0,0,0,0,c:10197,0,0,0,1,1,0,2.5,1,1
c:33771,Santa Clara CA 95054,1/1/1999,7.4904,7.874,7.0055,7.0055,6,2,18000000,1,CA,1,0,0,0,0,hardware,0,0,0,0,0,0,0,0,0,1,c:33771,1,0,0,1,0,0,4.0,1,0
c:437,San Francisco CA 94105,5/1/2007,0.6548,3.5452,3.8438,6.5589,27,3,26000000,5,CA,1,0,0,0,0,messaging,0,0,0,0,0,0,0,0,0,1,c:437,0,0,1,1,1,0,3.6667,1,1
c:15870,Mountain View CA 94040,1/1/2005,2.2466,5.0356,2.5205,4.4767,2,2,9500000,0,CA,1,0,0,0,0,hardware,0,0,0,0,0,0,0,0,0,1,c:15870,1,0,0,1,0,0,3.0,1,0
c:20062,San Francisco CA 94105,1/1/2000,7.3151,7.3151,5.0055,5.0055,6,1,16980999,1,MD,0,0,0,0,1,biotech,0,0,0,0,0,0,0,1,0,0,c:20062,0,0,0,1,0,0,1.0,1,1
c:281,San Francisco CA 94105,1/1/2004,1.0027,1.0027,1.1644,3.5699,2,1,5000000,2,CA,1,0,0,0,0,games_video,0,0,0,0,0,1,0,0,0,0,c:281,0,0,1,0,0,0,3.0,0,0
c:19869,SPOKANE WA 99202,4/1/2007,1.6712,1.6712,2.5205,4.4767,3,1,350000,0,WA,0,0,0,0,1,hardware,0,0,0,0,0,0,0,0,0,1,c:19869,1,0,0,0,0,0,1.0,0,0
c:8251,San Francisco CA 94105,1/1/2006,1.2384,4.9726,1.0,1.0,1,5,13130000,1,MA,0,0,1,0,0,web,0,1,0,0,0,0,0,0,0,0,c:8251,1,0,1,0,0,0,2.0,1,0
c:60243,Seattle WA 98104,1/1/2008,2.8247,2.8247,0.0,2.8219,1,1,20000000,2,WA,0,0,0,0,1,software,1,0,0,0,0,0,0,0,0,0,c:60243,0,0,1,0,0,0,1.0,0,0
c:513,San Francisco CA 94105,6/1/2006,0.5014,3.2959,2.0685,6.9973,18,3,26500000,4,MA,0,0,1,0,0,mobile,0,0,1,0,0,0,0,0,0,0,c:513,1,0,1,1,0,0,2.0,1,1
c:19483,Maynard MA 1754,1/1/2002,3.6986,4.1041,2.5205,4.4767,4,2,15000000,0,MA,0,0,1,0,0,enterprise,0,0,0,1,0,0,0,0,0,0,c:19483,0,0,0,1,0,0,5.0,1,1
c:49341,Frederick MD 21703,1/1/2002,4.3041,4.3041,2.5205,4.4767,0,1,2600000,0,MD,0,0,0,0,1,public_relations,0,0,0,0,0,0,0,0,0,1,c:49341,0,0,1,0,0,0,1.0,0,0
c:31764,Fremont CA 94538,1/1/2004,2.3973,6.0329,2.5205,4.4767,1,4,21470000,0,CA,1,0,0,0,0,cleantech,0,0,0,0,0,0,0,0,0,1,c:31764,0,0,1,1,0,0,3.5,1,0
c:51969,Austin TX 78701,5/1/2010,0.0,0.0,0.274,0.863,5,1,20000,2,TX,0,0,0,1,0,mobile,0,0,1,0,0,0,0,0,0,0,c:51969,0,1,0,0,0,0,1.0,0,0
c:1284,San Francisco CA 94105,1/1/2005,1.9151,2.5808,2.0,6.9178,10,2,3600000,3,CA,1,0,0,0,0,web,0,1,0,0,0,0,0,0,0,0,c:1284,0,1,1,0,0,0,1.0,0,0
c:24029,New York NY 10012,5/1/2005,0.8329,7.2521,8.0055,8.4,23,7,27300000,4,NY,0,1,0,0,0,games_video,0,0,0,0,0,1,0,0,0,0,c:24029,0,1,1,1,1,1,2.0,1,1
c:166772,San Francisco CA 94105,1/1/2012,0.5863,0.5863,1.0493,1.0493,8,1,2600000,1,CA,1,0,0,0,0,ecommerce,0,0,0,0,0,0,1,0,0,0,c:166772,0,0,1,0,0,0,2.0,0,1
c:59709,Palo Alto CA 94306,1/1/2010,0.8027,0.8027,0.0,1.411,5,1,5000000,2,CA,1,0,0,0,0,web,0,1,0,0,0,0,0,0,0,0,c:59709,0,0,1,0,0,0,1.0,1,0
c:11888,San Francisco CA 94105,1/1/2004,4.7589,6.2247,3.6685,6.2247,2,2,17000000,2,CA,1,0,0,0,0,mobile,0,0,1,0,0,0,0,0,0,0,c:11888,0,0,1,1,0,0,3.5,1,1
c:158294,West Newfield ME 4095,1/1/2008,4.3699,4.3699,2.5205,4.4767,0,1,662000,0,ME,0,0,0,0,1,manufacturing,0,0,0,0,0,0,0,0,0,1,c:158294,0,0,1,0,0,0,3.0,0,0
c:58550,New York NY 10011,1/1/2010,0.0,1.0247,2.0055,2.7315,12,2,3750000,2,NY,0,1,0,0,0,hospitality,0,0,0,0,0,0,0,0,0,1,c:58550,0,1,1,0,0,0,4.0,1,1
c:4,San Francisco CA 94105,10/11/2004,0.9726,6.7534,5.2466,9.1534,57,4,45000000,8,CA,1,0,0,0,0,news,0,0,0,0,0,0,0,0,0,1,c:4,0,0,1,1,1,1,4.6667,1,1
c:1475,San Francisco CA 94105,11/1/2007,3.8849,5.863,2.8356,6.1123,9,2,6700000,4,NY,0,1,0,0,0,music,0,0,0,0,0,0,0,0,0,1,c:1475,1,0,0,0,0,0,8.0,1,1
c:23134,San Francisco CA 94105,1/1/2006,0.1753,3.8795,2.0,4.474,12,3,20750000,2,CA,1,0,0,0,0,hardware,0,0,0,0,0,0,0,0,0,1,c:23134,1,0,1,1,0,0,2.3333,1,1
c:453,San Francisco CA 94105,1/1/2006,1.1616,7.5041,2.5205,4.4767,5,4,19000000,0,CA,1,0,0,0,0,games_video,0,0,0,0,0,1,0,0,0,0,c:453,0,0,1,1,1,0,2.0,1,1
c:30,San Francisco CA 94105,10/1/2006,-0.4192,0.6658,2.5205,4.4767,20,3,22500000,0,CA,1,0,0,0,0,search,0,0,0,0,0,0,0,0,0,1,c:30,1,0,1,0,0,0,4.0,1,1
c:282,San Francisco CA 94105,5/1/2005,0.5041,3.0986,2.2384,3.7562,10,3,7300000,3,CA,1,0,0,0,0,advertising,0,0,0,0,1,0,0,0,0,0,c:282,0,1,1,1,0,0,2.0,1,1
c:6340,Seattle WA 98104,3/3/2005,0.7479,7.8247,4.3151,5.9041,16,7,26390819,3,WA,0,0,0,0,1,web,0,1,0,0,0,0,0,0,0,0,c:6340,1,0,1,1,0,0,1.3333,1,0
c:9599,San Francisco CA 94105,11/1/2004,4.4959,4.4959,2.5205,4.4767,4,1,10000000,0,WA,0,0,0,0,1,software,1,0,0,0,0,0,0,0,0,0,c:9599,0,0,0,0,1,0,3.0,1,1
c:63621,NY NY 10011,9/1/2010,0.0849,0.0849,0.0,0.0,1,1,31000,1,NY,0,1,0,0,0,web,0,1,0,0,0,0,0,0,0,0,c:63621,0,1,0,0,0,0,2.0,0,0
c:251,San Francisco CA 94105,10/1/2005,1.7479,2.7288,1.7479,6.1452,16,3,21500000,4,CA,1,0,0,0,0,mobile,0,0,1,0,0,0,0,0,0,0,c:251,0,0,1,1,0,0,3.3333,1,1
c:12285,San Francisco CA 94105,1/1/2002,4.8521,4.8521,6.5863,6.5863,5,1,4000000,1,CO,0,0,0,0,1,security,0,0,0,0,0,0,0,0,0,1,c:12285,0,0,0,0,0,0,5.0,1,1
c:885,San Francisco CA 94105,7/1/2006,0.5041,3.7068,2.9863,4.0219,5,3,9400000,4,CA,1,0,0,0,0,games_video,0,0,0,0,0,1,0,0,0,0,c:885,1,0,1,1,0,0,4.0,1,1
c:1704,San Francisco CA 94105,4/16/2007,0.0411,2.1288,1.7562,4.874,9,3,5600000,4,NY,0,1,0,0,0,web,0,1,0,0,0,0,0,0,0,0,c:1704,0,0,1,1,0,0,2.0,1,1
c:5986,San Francisco CA 94105,8/1/2006,2.0027,3.0466,3.5836,5.4767,9,2,6000000,2,CA,1,0,0,0,0,finance,0,0,0,0,0,0,0,0,0,1,c:5986,0,0,1,1,0,0,2.5,1,1
c:23756,San Francisco CA 94105,10/31/2000,2.137,10.1288,10.4164,12.1863,35,4,60704370,3,GA,0,0,0,0,1,transportation,0,0,0,0,0,0,0,0,0,1,c:23756,1,0,0,1,0,1,2.0,1,1
c:43172,San Francisco CA 94105,4/1/2009,0.7534,3.0712,3.9178,4.5041,16,3,2000000,2,CA,1,0,0,0,0,sports,0,0,0,0,0,0,0,0,0,1,c:43172,0,1,0,0,0,0,3.6667,1,1
c:20637,San Francisco CA 94105,11/1/2008,0.4548,0.7041,0.5808,1.737,5,2,1000000,3,CA,1,0,0,0,0,finance,0,0,0,0,0,0,0,0,0,1,c:20637,1,0,1,0,0,0,5.5,1,1
c:20033,San Francisco CA 94105,10/17/2007,1.126,1.4055,0.7918,1.3973,3,2,200000,2,PA,0,0,0,0,1,games_video,0,0,0,0,0,1,0,0,0,0,c:20033,0,1,1,0,0,0,2.0,1,0
c:13504,San Francisco CA 94105,1/1/2007,1.8658,1.8658,0.0,1.863,2,1,2300000,2,CA,1,0,0,0,0,cleantech,0,0,0,0,0,0,0,0,0,1,c:13504,0,0,1,0,0,0,2.0,1,0
c:3185,San Francisco CA 94105,1/1/2006,2.2164,2.2164,0.7479,3.4164,5,1,1000000,4,CA,1,0,0,0,0,mobile,0,0,1,0,0,0,0,0,0,0,c:3185,0,0,1,0,0,0,1.0,1,0
c:725,San Francisco CA 94105,11/1/2003,0.8356,5.7534,4.9781,7.0301,13,5,24750000,3,CA,1,0,0,0,0,music,0,0,0,0,0,0,0,0,0,1,c:725,1,1,1,1,0,0,2.4,1,1
c:13921,San Francisco CA 94105,5/15/2005,2.5534,6.3945,6.6356,6.6356,15,2,12800000,1,IL,0,0,0,0,1,software,1,0,0,0,0,0,0,0,0,0,c:13921,0,0,1,1,0,0,2.0,1,0
c:24549,San Francisco CA 94105,1/1/2001,4.2384,6.5753,7.0027,7.0027,10,2,30500000,1,CA,1,0,0,0,0,enterprise,0,0,0,1,0,0,0,0,0,0,c:24549,0,0,0,0,0,1,4.5,1,1
c:5952,San Francisco CA 94105,1/1/2003,5.5671,8.5342,5.6055,7.8384,3,3,36300000,2,CA,1,0,0,0,0,automotive,0,0,0,0,0,0,0,0,0,1,c:5952,1,0,0,0,1,0,1.5,1,0
c:43183,San Francisco CA 94111,1/1/2008,2.1726,3.0849,3.0877,4.7753,7,3,6693782,3,CA,1,0,0,0,0,real_estate,0,0,0,0,0,0,0,0,0,1,c:43183,1,0,0,0,0,0,1.6667,1,1
c:41968,San Diego CA 92121,1/1/1996,11.4329,11.4329,2.5205,4.4767,1,1,20000000,0,CA,1,0,0,0,0,hardware,0,0,0,0,0,0,0,0,0,1,c:41968,0,0,0,0,1,0,5.0,1,0
c:5485,San Francisco CA 94105,1/1/2005,3.4767,3.4767,3.6849,5.6274,8,1,11370000,3,CA,1,0,0,0,0,network_hosting,0,0,0,0,0,0,0,0,0,1,c:5485,0,0,1,0,0,0,2.0,1,1
c:9,San Francisco CA 94105,6/1/2006,0.5863,2.6384,3.5425,6.0712,13,3,16500000,4,CA,1,0,0,0,0,web,0,1,0,0,0,0,0,0,0,0,c:9,0,0,1,1,1,0,1.3333,1,1
c:15129,San Francisco CA 94105,9/1/2008,0.0,0.0,3.411,3.411,3,1,250000,1,CA,1,0,0,0,0,network_hosting,0,0,0,0,0,0,0,0,0,1,c:15129,0,1,0,0,0,0,3.0,0,0
c:339,San Francisco CA 94105,8/1/2006,0.5041,3.3562,3.4219,7.2274,9,5,14400000,5,NY,0,1,0,0,0,web,0,1,0,0,0,0,0,0,0,0,c:339,0,1,1,1,0,0,5.8,1,1
c:967,San Francisco CA 94105,9/1/2007,0.0,3.9562,4.7616,5.1507,24,5,90000000,3,NY,0,1,0,0,0,enterprise,0,0,0,1,0,0,0,0,0,0,c:967,1,0,1,1,1,1,3.8,1,1
c:2925,San Francisco CA 94105,2/14/2005,1.0164,7.1534,5.6959,8.1781,10,4,13075000,2,CA,1,0,0,0,0,advertising,0,0,0,0,1,0,0,0,0,0,c:2925,0,0,1,1,0,0,4.0,1,1
c:86,San Francisco CA 94105,6/1/2007,-0.4986,-0.4137,-0.4986,5.7699,10,2,26000000,4,CA,1,0,0,0,0,games_video,0,0,0,0,0,1,0,0,0,0,c:86,0,0,1,0,1,0,2.5,1,1
c:69834,Burlington MA 1803,1/1/2008,3.1616,3.6904,3.0027,4.5041,6,2,16300000,2,MA,0,0,1,0,0,enterprise,0,0,0,1,0,0,0,0,0,0,c:69834,0,0,0,1,0,0,2.0,1,1
c:44434,Austin TX 78759,1/1/2003,4.4521,7.2274,7.0055,7.0055,5,2,5992316,1,TX,0,0,0,1,0,enterprise,0,0,0,1,0,0,0,0,0,0,c:44434,1,0,1,0,0,0,2.0,0,1
c:40417,San Diego CA 92130,1/1/2007,3.0575,5.011,2.5205,4.4767,2,4,89400001,0,CA,1,0,0,0,0,biotech,0,0,0,0,0,0,0,1,0,0,c:40417,1,0,1,1,0,0,4.3333,1,1
c:18897,San Francisco CA 94105,5/10/2005,0.8027,0.8027,5.3151,5.3151,4,1,1200000,1,CA,1,0,0,0,0,software,1,0,0,0,0,0,0,0,0,0,c:18897,0,0,1,0,0,0,1.0,0,0
c:43416,New York NY 10003,1/1/2009,1.1836,1.3781,1.3288,3.1096,7,2,1900000,2,NY,0,1,0,0,0,web,0,1,0,0,0,0,0,0,0,0,c:43416,0,1,1,0,0,0,2.5,1,0
c:23692,San Francisco CA 94108,1/1/1999,9.3534,12.4055,7.0055,11.3836,9,3,30300000,2,CA,1,0,0,0,0,games_video,0,0,0,0,0,1,0,0,0,0,c:23692,1,0,0,0,0,1,4.5,1,0
c:28162,New York NY 10013,8/29/2006,2.0027,2.0027,2.5205,4.4767,4,1,500000,0,NY,0,1,0,0,0,web,0,1,0,0,0,0,0,0,0,0,c:28162,0,1,0,0,0,0,5.0,0,0
c:1587,San Francisco CA 94105,8/1/2006,0.0,6.9671,6.4247,7.3562,19,5,74000000,2,CA,1,0,0,0,0,network_hosting,0,0,0,0,0,0,0,0,0,1,c:1587,0,1,1,1,1,1,1.75,1,1
c:26988,Richardson TX 75081,1/1/2000,7.1205,7.1205,2.5205,4.4767,3,1,18800000,0,TX,0,0,0,1,0,semiconductor,0,0,0,0,0,0,0,0,0,1,c:26988,0,0,0,0,1,0,7.0,1,1
c:26390,San Francisco CA 94105,1/1/2009,0.3288,0.3288,-0.4192,-0.4192,3,1,20000,1,MI,0,0,0,0,1,web,0,1,0,0,0,0,0,0,0,0,c:26390,0,1,0,0,0,0,1.0,0,0
c:32094,Herndon VA 20170,1/1/2009,0.1616,2.1781,1.5096,2.1781,3,4,3350000,2,VA,0,0,0,0,1,mobile,0,0,1,0,0,0,0,0,0,0,c:32094,0,1,1,1,0,0,1.5,0,1
c:39364,Paramus NJ 7652,1/1/2005,5.0192,5.0192,2.5205,4.4767,1,1,26100000,0,NJ,0,0,0,0,1,biotech,0,0,0,0,0,0,0,1,0,0,c:39364,1,0,0,0,0,0,2.0,1,1
c:51623,Pittsburgh PA 15213,1/1/2009,1.411,2.5151,2.5205,4.4767,0,2,1213066,0,PA,0,0,0,0,1,enterprise,0,0,0,1,0,0,0,0,0,0,c:51623,1,0,0,0,0,0,1.0,1,0
c:8676,San Francisco CA 94105,1/1/2008,0.8438,4.2219,0.7616,4.9288,18,3,24030000,3,CA,1,0,0,0,0,advertising,0,0,0,0,1,0,0,0,0,0,c:8676,0,0,1,1,0,0,3.6667,1,1
c:767,San Francisco CA 94105,10/1/2006,0.4986,3.4247,1.9863,5.9616,14,3,13100000,5,CA,1,0,0,0,0,travel,0,0,0,0,0,0,0,0,0,1,c:767,0,1,0,1,1,0,1.6667,1,1
c:6011,San Francisco CA 94105,4/1/2008,0.0822,1.7671,0.3014,5.0082,6,3,560001,5,NY,0,1,0,0,0,software,1,0,0,0,0,0,0,0,0,0,c:6011,1,1,0,0,0,0,3.5,1,1
c:31794,Minneapolis MN 55311,1/1/2009,2.8493,2.8493,2.9068,4.1918,7,1,3500000,3,MN,0,0,0,0,1,enterprise,0,0,0,1,0,0,0,0,0,0,c:31794,0,0,1,0,0,0,2.0,1,1
c:10054,San Francisco CA 94105,1/1/2005,0.1616,7.5041,7.0521,8.6192,45,7,121500000,3,MA,0,0,1,0,0,mobile,0,0,1,0,0,0,0,0,0,0,c:10054,1,0,1,1,1,1,4.5,1,1
c:14036,San Francisco CA 94105,1/1/2005,0.9726,3.8438,2.0,2.0,18,4,42500000,1,CA,1,0,0,0,0,mobile,0,0,1,0,0,0,0,0,0,0,c:14036,1,0,1,1,1,0,2.5,1,1
c:38123,Durham NC 27713,1/1/2000,5.4384,6.4192,6.0055,6.0055,26,2,36000000,1,NC,0,0,0,0,1,software,1,0,0,0,0,0,0,0,0,0,c:38123,1,0,0,0,0,1,3.5,1,1
c:16709,San Francisco CA 94105,8/1/2005,2.5973,2.5973,2.9178,5.4822,7,1,12170000,2,CA,1,0,0,0,0,enterprise,0,0,0,1,0,0,0,0,0,0,c:16709,0,0,0,0,1,0,3.0,1,0
c:46901,New York NY 10005,1/1/2002,5.7534,5.7534,8.0055,9.8356,4,1,1000000,2,NY,0,1,0,0,0,software,1,0,0,0,0,0,0,0,0,0,c:46901,0,0,1,0,0,0,3.0,1,1
c:18056,San Francisco CA 94105,7/1/2008,3.337,3.937,-2.4986,4.7205,5,3,1820000,4,CA,1,0,0,0,0,mobile,0,0,1,0,0,0,0,0,0,0,c:18056,0,1,0,0,0,0,1.0,0,1
c:13219,San Francisco CA 94105,10/1/2003,4.6,9.4164,5.2575,9.7753,19,4,5700000000,2,WA,0,0,0,0,1,mobile,0,0,1,0,0,0,0,0,0,0,c:13219,0,0,0,0,0,0,4.25,1,1
c:44576,Addison TX 75001,1/1/2001,6.9699,6.9699,0.0849,11.9699,6,1,5000000,2,TX,0,0,0,1,0,security,0,0,0,0,0,0,0,0,0,1,c:44576,0,0,0,0,1,0,5.0,1,1
c:55043,New York NY 10001,1/1/2010,0.8384,1.4055,1.6356,1.6356,4,2,18800000,1,NY,0,1,0,0,0,fashion,0,0,0,0,0,0,0,0,0,1,c:55043,0,0,1,1,0,0,2.5,1,1
c:31832,Mountain View CA 94043,1/1/2003,2.3452,3.3534,2.5205,4.4767,3,2,72300000,0,CA,1,0,0,0,0,advertising,0,0,0,0,1,0,0,0,0,0,c:31832,0,0,0,1,1,0,4.5,1,1
c:51021,Irvine CA 92612,3/6/2009,-0.1369999999999999,3.1452,-2.0932,4.4082,3,3,1310000,4,CA,1,0,0,0,0,social,0,0,0,0,0,0,0,0,0,1,c:51021,0,1,0,0,0,0,1.0,0,1
c:42672,Woburn MA 1801,1/1/2003,2.4164,4.7753,4.0027,4.0027,2,2,15000000,1,MA,0,0,1,0,0,software,1,0,0,0,0,0,0,0,0,0,c:42672,0,0,1,1,0,0,2.5,1,0
c:130,San Francisco CA 94105,3/1/2004,2.2521,4.7397,5.3370000000000015,7.274,22,3,39007789,5,NY,0,1,0,0,0,enterprise,0,0,0,1,0,0,0,0,0,0,c:130,0,0,1,1,1,0,3.0,1,1
c:47601,Burlington MA 1803,1/1/2004,2.0685,2.0685,-1.9151,-1.9151,3,1,25000000,1,MA,0,0,1,0,0,software,1,0,0,0,0,0,0,0,0,0,c:47601,0,0,0,0,0,1,5.0,1,1
c:60087,Boston MA 2210,1/1/2009,0.3288,2.0932,1.3288,2.7534,4,3,172500,2,MA,0,0,1,0,0,web,0,1,0,0,0,0,0,0,0,0,c:60087,0,1,0,0,0,0,1.0,0,1
c:24853,New York City NY 10013,3/12/2009,1.6658,2.1123,2.3041,3.5507,23,2,6100000,2,NY,0,1,0,0,0,social,0,0,0,0,0,0,0,0,0,1,c:24853,0,0,1,1,0,0,1.0,1,1
c:14608,San Francisco CA 94105,1/1/2004,2.2192,7.9315,1.6685,9.0904,7,3,40300000,5,CA,1,0,0,0,0,mobile,0,0,1,0,0,0,0,0,0,0,c:14608,1,0,0,1,1,0,4.0,1,1
c:65389,Los Angeles CA 90046,1/8/2011,0.3616,0.3616,0.3753,0.5425,9,1,100000,3,CA,1,0,0,0,0,ecommerce,0,0,0,0,0,0,1,0,0,0,c:65389,0,1,0,0,0,0,1.0,0,0
c:1767,San Francisco CA 94105,9/1/2007,0.3342,5.4904,2.7507,5.589,14,5,19389998,2,WA,0,0,0,0,1,education,0,0,0,0,0,0,0,0,0,1,c:1767,1,0,1,1,1,0,1.5,1,1
c:6012,San Bruno CA 94066,1/1/2000,2.4822,4.8192,5.5863,11.9452,21,2,61500000,3,CA,1,0,0,0,0,hardware,0,0,0,0,0,0,0,0,0,1,c:6012,0,0,0,1,0,1,4.0,1,1
c:44976,San Francisco CA 94108,1/1/2007,3.4411,3.4411,4.0027,5.7178,6,1,6000000,2,CA,1,0,0,0,0,software,1,0,0,0,0,0,0,0,0,0,c:44976,0,0,1,0,0,0,2.0,1,1
c:2275,Boston MA 2114,1/1/2004,-0.0027,5.0055,4.9507,7.3726,23,4,19100000,6,MA,0,0,1,0,0,mobile,0,0,1,0,0,0,0,0,0,0,c:2275,0,0,1,1,1,0,2.5,1,1
c:16611,San Francisco CA 94105,10/17/2008,0.2219,2.0548,0.0411,3.9178,8,4,3499997,3,NY,0,1,0,0,0,advertising,0,0,0,0,1,0,0,0,0,0,c:16611,1,0,1,0,0,0,1.5,1,1
c:975,San Francisco CA 94105,3/1/2006,1.2521,1.874,4.7178,5.0959,13,3,2600000,2,CA,1,0,0,0,0,network_hosting,0,0,0,0,0,0,0,0,0,1,c:975,0,1,1,0,0,0,3.6667,1,1
c:51332,San Francisco CA 94103,12/11/2009,-0.4466,1.1479,3.0603,3.7479,14,3,2023000,2,CA,1,0,0,0,0,web,0,1,0,0,0,0,0,0,0,0,c:51332,0,1,1,0,0,0,1.3333,1,1
c:25713,Irvine CA 92618,1/1/2002,5.1068,5.1068,2.5205,4.4767,3,1,25000000,0,CA,1,0,0,0,0,semiconductor,0,0,0,0,0,0,0,0,0,1,c:25713,1,0,0,0,0,0,4.0,1,1
c:36151,Santa Monica CA 90404,3/1/2009,0.7205,3.5945,2.8384,4.0192,17,4,66000000,4,CA,1,0,0,0,0,fashion,0,0,0,0,0,0,0,0,0,1,c:36151,1,0,1,1,1,0,2.3333,1,1
c:148576,New York NY 10016,9/1/2009,1.4192,1.4466,1.663,1.663,5,2,1000000,1,NY,0,1,0,0,0,advertising,0,0,0,0,1,0,0,0,0,0,c:148576,0,1,0,0,0,0,3.5,0,1
c:73586,Palo Alto CA 94306,1/1/2010,1.3288,2.063,3.2493,3.7836,11,2,13000000,2,CA,1,0,0,0,0,mobile,0,0,1,0,0,0,0,0,0,0,c:73586,0,0,1,1,0,0,3.0,1,1
c:46070,Waltham MA 2451,1/1/1998,7.6932,14.0329,12.5041,14.0329,3,3,24150000,2,MA,0,0,1,0,0,software,1,0,0,0,0,0,0,0,0,0,c:46070,1,0,1,1,0,0,2.3333,1,0
c:84867,Santa Clara CA 95051,1/1/2004,5.8411,8.2219,2.5205,4.4767,4,3,47218498,0,CA,1,0,0,0,0,semiconductor,0,0,0,0,0,0,0,0,0,1,c:84867,1,0,0,0,1,1,3.3333,1,0
c:12171,Waltham MA 2451,1/1/2002,3.6137,4.3753,0.0,7.9178,1,2,11800000,2,MA,0,0,1,0,0,search,0,0,0,0,0,0,0,0,0,1,c:12171,0,0,0,0,1,1,4.5,1,1
c:45413,Henderson NV 89052,9/1/2008,1.5973,2.1781,0.0822,0.0822,2,2,2387481,1,NV,0,0,0,0,1,analytics,0,0,0,0,0,0,0,0,0,1,c:45413,1,0,0,0,0,0,1.0,1,0
c:1285,San Francisco CA 94105,1/1/2000,0.8356,7.5863,11.589,13.5863,35,4,33000000,5,MA,0,0,1,0,0,consulting,0,0,0,0,0,0,0,0,1,0,c:1285,1,0,1,1,1,0,2.5,1,1
c:13730,San Francisco CA 94105,1/1/2005,2.6712,3.8822,4.0027,7.3205,4,2,7500000,3,VA,0,0,0,0,1,software,1,0,0,0,0,0,0,0,0,0,c:13730,0,0,1,1,0,0,1.5,1,1
c:31936,San Jose CA 95134,1/1/2000,6.7479,6.7479,4.0027,4.0027,3,1,25000000,1,CA,1,0,0,0,0,biotech,0,0,0,0,0,0,0,1,0,0,c:31936,0,0,0,0,1,0,1.0,1,1
c:32011,Santa Clara CA 95054,1/1/2002,3.7096,8.9562,4.0027,4.0027,7,4,25305000,1,CA,1,0,0,0,0,software,1,0,0,0,0,0,0,0,0,0,c:32011,1,0,1,1,1,0,2.0,1,1
c:22203,San Francisco CA 94105,1/1/2008,0.8356,1.8986,2.3014,3.8356,21,2,4950000,3,CA,1,0,0,0,0,web,0,1,0,0,0,0,0,0,0,0,c:22203,0,1,1,0,0,0,12.5,1,1
c:10512,San Francisco CA 94105,8/29/2003,2.2712,6.3781,2.5205,4.4767,8,6,53816776,0,CA,1,0,0,0,0,software,1,0,0,0,0,0,0,0,0,0,c:10512,1,0,0,1,1,1,5.0,1,1
c:105,San Francisco CA 94105,6/1/2005,-0.1671,0.9151,2.674,8.3836,15,2,3500000,4,NY,0,1,0,0,0,web,0,1,0,0,0,0,0,0,0,0,c:105,0,0,1,1,0,0,5.5,1,1
c:60436,Mountain View CA 94041,4/1/2007,5.0767,5.0767,4.7562,6.0466,7,1,5000000,2,CA,1,0,0,0,0,enterprise,0,0,0,1,0,0,0,0,0,0,c:60436,0,0,1,0,0,0,1.0,0,1
c:5779,San Francisco CA 94105,6/1/2007,0.0,2.5397,3.7699,5.9233,9,3,2515000,3,CA,1,0,0,0,0,network_hosting,0,0,0,0,0,0,0,0,0,1,c:5779,1,1,1,0,0,0,1.6667,1,1
c:3413,San Francisco CA 94105,1/1/2006,1.0849,2.4986,2.5205,5.0192,10,2,8400000,3,MA,0,0,1,0,0,web,0,1,0,0,0,0,0,0,0,0,c:3413,0,0,1,1,0,0,2.0,1,1
c:6049,San Francisco CA 94105,1/1/2004,2.5836,4.0027,2.0301,4.6164,5,2,4900000,3,CA,1,0,0,0,0,mobile,0,0,1,0,0,0,0,0,0,0,c:6049,0,0,1,1,0,0,1.0,1,0
c:58998,Bellevue WA 98004,1/1/2001,4.2959,4.2959,5.0027,5.0027,3,1,5000000,1,WA,0,0,0,0,1,software,1,0,0,0,0,0,0,0,0,0,c:58998,1,0,0,0,0,0,5.0,1,0
c:39283,Woodbury NY 11797,1/1/2001,4.4904,4.4904,2.5205,4.4767,2,1,11000000,0,NY,0,1,0,0,0,public_relations,0,0,0,0,0,0,0,0,0,1,c:39283,0,0,0,0,1,0,3.0,1,1
c:13681,San Francisco CA 94105,1/1/2000,1.0027,8.2548,2.5205,4.4767,6,4,68400000,0,CA,1,0,0,0,0,mobile,0,0,1,0,0,0,0,0,0,0,c:13681,1,0,1,0,1,1,4.0,1,1
c:21762,San Francisco CA 94103,1/1/2007,3.0877,4.2795,3.6356,4.6685,7,2,2000000,2,CA,1,0,0,0,0,software,1,0,0,0,0,0,0,0,0,0,c:21762,0,1,1,0,0,0,8.5,1,1
c:39801,New York NY 10010,4/1/2006,0.6685,1.926,0.0,0.0,2,2,10800000,1,NY,0,1,0,0,0,enterprise,0,0,0,1,0,0,0,0,0,0,c:39801,1,0,1,0,0,0,2.0,1,0
c:1388,New York NY 10003,5/9/2005,-0.0219,5.2329,5.7616,7.4877,31,5,37000000,3,NY,0,1,0,0,0,news,0,0,0,0,0,0,0,0,0,1,c:1388,1,0,1,1,1,0,2.5,1,1
c:11307,San Francisco CA 94105,1/1/2004,2.5233,2.5233,4.0027,9.8849,5,1,7660000,3,CA,1,0,0,0,0,security,0,0,0,0,0,0,0,0,0,1,c:11307,0,0,1,0,0,0,6.0,1,1
c:37929,Littleton MA 1460,1/1/2005,0.3397,5.2247,3.0,6.0329,5,4,48730000,3,MA,0,0,1,0,0,software,1,0,0,0,0,0,0,0,0,0,c:37929,1,0,1,1,1,0,3.0,1,1
c:47115,Los Angeles CA 90032,1/1/2009,0.0,1.4137,1.4137,1.4137,1,2,3350000,1,CA,1,0,0,0,0,messaging,0,0,0,0,0,0,0,0,0,1,c:47115,0,1,1,0,0,0,2.5,1,0
c:11817,San Francisco CA 94105,9/1/2003,3.8767,7.1973,2.6658,7.1973,3,4,28000000,2,CA,1,0,0,0,0,ecommerce,0,0,0,0,0,0,1,0,0,0,c:11817,1,0,0,1,1,0,3.0,1,0
c:81476,San Francisco CA 94105,1/1/2010,1.4959,1.4959,2.0849,2.0849,5,1,2500000,1,TX,0,0,0,1,0,analytics,0,0,0,0,0,0,0,0,0,1,c:81476,0,0,1,0,0,0,2.0,1,1
c:155,San Francisco CA 94105,2/1/2004,0.3315,1.1644,2.0795,9.3507,16,2,8000000,4,IL,0,0,0,0,1,web,0,1,0,0,0,0,0,0,0,0,c:155,0,0,1,1,0,0,4.0,1,1
c:9822,New York NY 10011,10/1/2007,0.5836,1.6521,0.6329,4.263,6,2,540000,2,NY,0,1,0,0,0,web,0,1,0,0,0,0,0,0,0,0,c:9822,0,1,0,0,0,0,2.5,1,1
c:93,San Francisco CA 94105,1/1/2006,0.0,1.2466,1.0,5.4384,4,2,3100000,4,CA,1,0,0,0,0,games_video,0,0,0,0,0,1,0,0,0,0,c:93,0,1,1,0,0,0,2.0,1,1
c:37635,New York NY 10001,4/4/2009,1.0904,2.326,2.8301,4.6904,8,2,1200000,2,NY,0,1,0,0,0,mobile,0,0,1,0,0,0,0,0,0,0,c:37635,0,1,1,0,0,0,6.0,1,1
c:1627,San Francisco CA 94105,6/1/2007,0.0,0.0,0.1096,0.1096,2,1,5000000,1,NY,0,1,0,0,0,games_video,0,0,0,0,0,1,0,0,0,0,c:1627,0,0,1,0,0,0,2.0,0,0
c:15294,San Francisco CA 94105,8/18/2004,0.6658,7.3753,2.3726,2.3726,6,6,37079000,1,CA,1,0,0,0,0,security,0,0,0,0,0,0,0,0,0,1,c:15294,1,0,0,0,1,1,3.8,1,1
c:27163,San Francisco CA 94105,1/1/2002,4.3315,11.1699,8.7041,8.7068,3,4,135826373,2,MA,0,0,1,0,0,other,0,0,0,0,0,0,0,0,0,1,c:27163,0,0,0,1,0,1,4.3333,1,1
c:3267,San Francisco CA 94105,1/1/2008,-0.3342,0.2301,2.5205,4.4767,5,2,5000000,0,CA,1,0,0,0,0,mobile,0,0,1,0,0,0,0,0,0,0,c:3267,1,1,0,0,0,0,1.0,1,0
c:77139,New York NY 10012,1/1/2011,0.2082,1.0849,0.1616,2.6521,3,4,4200000,3,NY,0,1,0,0,0,software,1,0,0,0,0,0,0,0,0,0,c:77139,0,1,1,0,0,0,3.0,1,1
c:9085,San Francisco CA 94105,1/1/2005,3.5808,3.5808,-1.0027,7.5918,3,1,4100000,3,WA,0,0,0,0,1,web,0,1,0,0,0,0,0,0,0,0,c:9085,1,0,0,0,0,0,1.0,1,0
c:80259,Los Gatos CA 95030,1/1/2011,0.7726,0.7726,0.3123,1.1479,3,1,2000000,2,CA,1,0,0,0,0,web,0,1,0,0,0,0,0,0,0,0,c:80259,0,0,0,0,0,0,1.0,0,0
c:26806,Broomfield CO 80021,1/1/2001,5.0027,5.0027,5.4986,5.4986,3,1,6500000,1,CO,0,0,0,0,1,software,1,0,0,0,0,0,0,0,0,0,c:26806,1,0,0,0,0,0,1.0,1,1
c:18080,San Francisco CA 94105,6/1/2005,1.4521,1.4521,2.5205,4.4767,0,1,4000000,0,CA,1,0,0,0,0,web,0,1,0,0,0,0,0,0,0,0,c:18080,0,0,1,0,0,0,3.0,0,0
c:55592,Mountain View CA 94040,1/1/2010,0.2466,1.0,1.1616,1.1616,3,5,185000,1,CA,1,0,0,0,0,mobile,0,0,1,0,0,0,0,0,0,0,c:55592,1,1,0,0,0,0,2.0,1,0
c:74928,Portland OR 97214,4/1/2009,2.6959,2.6959,3.2192,4.0027,5,1,1300000,2,OR,0,0,0,0,1,mobile,0,0,1,0,0,0,0,0,0,0,c:74928,0,0,1,0,0,0,1.0,0,1
c:2731,San Francisco CA 94105,1/1/2003,3.7945,3.7945,2.5205,4.4767,21,1,45000000,0,NY,0,1,0,0,0,advertising,0,0,0,0,1,0,0,0,0,0,c:2731,0,0,0,1,0,0,1.0,0,1
c:32383,Boston MA 2111,7/1/2008,2.3041,2.3041,-0.3342,2.3589,4,1,2500000,3,MA,0,0,1,0,0,search,0,0,0,0,0,0,0,0,0,1,c:32383,0,0,1,0,0,0,2.0,1,1
c:1419,Austin TX 78701,2/1/2005,0.5808,2.737,1.9151,4.6603,11,2,9200000,2,TX,0,0,0,1,0,web,0,1,0,0,0,0,0,0,0,0,c:1419,0,0,1,1,0,0,1.0,1,1
c:53304,Beverly Hills CA 90211,8/1/2010,-1.4712,-0.1369999999999999,2.5205,4.4767,0,4,435953,0,CA,1,0,0,0,0,web,0,1,0,0,0,0,0,0,0,0,c:53304,0,1,0,0,0,0,1.0,0,0
c:1899,Hartford CT 6103,1/1/2008,-1.0,0.0,-1.5863,0.863,9,2,55600000,2,CT,0,0,0,0,1,network_hosting,0,0,0,0,0,0,0,0,0,1,c:1899,0,0,1,1,0,0,2.0,0,0
c:29168,Greenwood Village CO 80111,1/1/2001,6.263,6.263,1.0,1.0,2,1,10000000,1,CO,0,0,0,0,1,software,1,0,0,0,0,0,0,0,0,0,c:29168,1,0,0,0,0,0,1.0,0,1
c:60352,Seattle WA 98109,1/1/2010,0.8329,0.8329,0.6658,0.6658,3,1,12000,1,WA,0,0,0,0,1,games_video,0,0,0,0,0,1,0,0,0,0,c:60352,0,1,0,0,0,0,1.0,1,0
c:39507,College Park MD 20742,1/1/2006,4.0301,4.0849,2.5205,4.4767,3,2,2257464,0,MD,0,0,0,0,1,biotech,0,0,0,0,0,0,0,1,0,0,c:39507,1,0,0,0,0,0,1.0,0,0
c:82843,New York NY 10003,5/1/2011,0.1671,0.5288,0.1671,2.4438,4,2,983000,2,NY,0,1,0,0,0,messaging,0,0,0,0,0,0,0,0,0,1,c:82843,0,1,0,0,0,0,6.0,1,1
c:23052,Los Angeles CA 90015,12/1/2007,1.4466,2.5068,2.5014,3.6411,15,2,41000000,2,CA,1,0,0,0,0,fashion,0,0,0,0,0,0,0,0,0,1,c:23052,0,0,0,1,1,0,1.5,1,1
c:10969,San Francisco CA 94105,1/1/2003,3.6685,5.5589,2.5205,4.4767,0,3,9100000,0,TX,0,0,0,1,0,software,1,0,0,0,0,0,0,0,0,0,c:10969,1,0,0,1,1,0,1.0,0,0
c:6150,San Francisco CA 94105,10/22/2004,2.4438,7.1973,-2.0575,6.8767,6,3,25500100,3,CA,1,0,0,0,0,software,1,0,0,0,0,0,0,0,0,0,c:6150,1,0,0,1,0,0,2.5,1,0
c:46129,San Francisco CA 94103,1/1/2010,0.2959,0.2959,1.5863,1.6658,3,1,400000,2,CA,1,0,0,0,0,web,0,1,0,0,0,0,0,0,0,0,c:46129,0,1,0,0,0,0,1.0,1,1
c:36936,New York NY 10119,1/1/2002,4.737,8.3479,2.5205,4.4767,4,10,22165091,0,NY,0,1,0,0,0,network_hosting,0,0,0,0,0,0,0,0,0,1,c:36936,1,0,0,1,0,0,2.0,1,1
c:1760,San Francisco CA 94105,6/1/2007,0.1671,0.1671,0.6712,3.3151,4,1,500000,2,CA,1,0,0,0,0,network_hosting,0,0,0,0,0,0,0,0,0,1,c:1760,0,0,1,0,0,0,4.0,1,1
c:173,San Francisco CA 94105,2/1/2005,0.6629999999999999,5.8849,6.211,8.6082,29,5,70000000,4,CA,1,0,0,0,0,web,0,1,0,0,0,0,0,0,0,0,c:173,0,0,1,1,1,1,2.8,1,1
c:6520,San Francisco CA 94105,3/1/2007,1.2603,3.1781,2.8411,2.8411,6,2,4700000,1,IL,0,0,0,0,1,security,0,0,0,0,0,0,0,0,0,1,c:6520,1,0,1,0,0,0,1.0,1,1
c:1725,San Francisco CA 94105,1/1/2006,2.0055,2.0055,0.0,0.0,1,1,30000000,1,MA,0,0,1,0,0,ecommerce,0,0,0,0,0,0,1,0,0,0,c:1725,1,0,0,0,0,0,2.0,1,1
c:26007,Lexington MA 2421,1/1/2003,2.0658,9.3836,7.0055,7.0055,13,5,39000000,1,MA,0,0,1,0,0,software,1,0,0,0,0,0,0,0,0,0,c:26007,0,0,0,1,1,1,3.25,1,1
c:16189,San Francisco CA 94105,1/1/2000,6.4356,9.0,10.0082,10.0082,10,3,32000000,1,CA,1,0,0,0,0,semiconductor,0,0,0,0,0,0,0,0,0,1,c:16189,0,0,0,0,0,1,3.0,1,1
c:6117,San Francisco CA 94105,1/3/2000,0.1151,1.1507,2.5205,4.4767,7,3,42000000,0,MA,0,0,1,0,0,advertising,0,0,0,0,1,0,0,0,0,0,c:6117,0,0,1,1,1,0,2.6667,1,1
c:45696,Irvine CA 92618,1/1/2001,4.3726,9.3616,4.0027,9.3616,5,3,24510540,2,CA,1,0,0,0,0,enterprise,0,0,0,1,0,0,0,0,0,0,c:45696,1,0,1,1,0,0,2.6667,1,1
c:56580,Palo Alto CA 94301,1/1/2000,5.6548,5.6548,2.5205,4.4767,0,1,2500000,0,CA,1,0,0,0,0,software,1,0,0,0,0,0,0,0,0,0,c:56580,1,0,0,0,0,0,2.0,1,0
c:23072,San Francisco CA 94105,1/1/2002,3.6027,7.926,8.5945,9.1096,1,3,21460663,2,FL,0,0,0,0,1,software,1,0,0,0,0,0,0,0,0,0,c:23072,0,0,0,1,1,1,4.5,1,1
c:49442,New York NY 10013,1/1/2001,5.3507,5.3507,2.5205,4.4767,6,1,15000000,0,NY,0,1,0,0,0,games_video,0,0,0,0,0,1,0,0,0,0,c:49442,0,0,0,0,1,0,4.0,1,1
c:38794,San Francisco CA 94110,1/1/2006,1.4137,4.2795,1.3288,5.1836,5,2,889999,2,CA,1,0,0,0,0,mobile,0,0,1,0,0,0,0,0,0,0,c:38794,1,1,0,0,0,0,3.5,1,0
c:58018,Foster City CA 94404,1/1/2001,4.2219,4.2219,3.0,3.0,6,1,16000000,1,CA,1,0,0,0,0,software,1,0,0,0,0,0,0,0,0,0,c:58018,0,0,0,1,0,0,3.0,1,1
c:921,San Francisco CA 94105,7/1/2005,2.4192,2.4192,2.5041,8.3973,5,1,7000000,4,CA,1,0,0,0,0,web,0,1,0,0,0,0,0,0,0,0,c:921,0,0,0,1,0,0,2.0,1,1
c:71120,New York NY 10004,6/1/2010,0.7479,0.7479,2.5205,4.4767,3,2,100000,0,NY,0,1,0,0,0,advertising,0,0,0,0,1,0,0,0,0,0,c:71120,0,1,0,0,0,0,1.0,0,0
c:20146,New York NY 10011,10/1/2007,1.9041,1.9041,1.9041,4.0027,13,1,1500000,3,NY,0,1,0,0,0,music,0,0,0,0,0,0,0,0,0,1,c:20146,0,0,1,0,0,0,1.0,0,1
c:7440,San Francisco CA 94105,1/1/2000,6.0356,6.0356,10.4959,12.6137,19,1,8000000,4,WA,0,0,0,0,1,web,0,1,0,0,0,0,0,0,0,0,c:7440,1,0,0,0,0,0,1.0,1,1
c:512,San Francisco CA 94105,8/1/2007,0.2521,0.7425,4.2082,6.3479,22,2,4000000,4,CA,1,0,0,0,0,web,0,1,0,0,0,0,0,0,0,0,c:512,0,0,1,1,0,0,3.0,1,1
c:25808,San Francisco CA 94105,6/20/2009,0.0164,0.0164,2.5205,4.4767,3,1,25000,0,CA,1,0,0,0,0,web,0,1,0,0,0,0,0,0,0,0,c:25808,0,1,0,0,0,0,1.0,0,0
c:20117,Redwood City CA 94063,1/1/2003,2.4301,9.0055,8.5781,10.0137,10,6,64630000,3,CA,1,0,0,0,0,mobile,0,0,1,0,0,0,0,0,0,0,c:20117,1,0,0,1,1,0,3.6667,1,1
c:10398,San Francisco CA 94105,1/1/2005,1.0,3.6493,3.4986,3.4986,10,2,12100000,1,CA,1,0,0,0,0,web,0,1,0,0,0,0,0,0,0,0,c:10398,0,0,1,1,0,0,1.0,1,0
c:14854,San Francisco CA 94111,1/1/2001,4.2192,5.6110000000000015,5.0027,5.0027,9,2,20000000,1,CA,1,0,0,0,0,software,1,0,0,0,0,0,0,0,0,0,c:14854,0,0,0,0,1,1,4.5,1,1
c:37647,Austin TX 78759,1/1/2003,2.0301,9.3808,9.0055,9.0055,10,4,49600000,1,TX,0,0,0,1,0,hardware,0,0,0,0,0,0,0,0,0,1,c:37647,0,0,0,1,1,0,2.6667,1,0
c:18875,San Francisco CA 94105,1/1/2000,7.5123,9.9479,0.4164,0.4164,3,5,51450000,1,CA,1,0,0,0,0,games_video,0,0,0,0,0,1,0,0,0,0,c:18875,1,0,0,0,0,1,5.6667,1,1
c:27591,San Francisco CA 94105,6/1/2008,-0.1808,2.5178,4.6904,4.6904,7,2,6300000,1,CA,1,0,0,0,0,messaging,0,0,0,0,0,0,0,0,0,1,c:27591,0,0,1,1,0,0,2.0,1,1
c:76274,New York NY 10001,1/1/2010,2.0,2.0,1.0274,3.1644,8,1,200000,3,NY,0,1,0,0,0,mobile,0,0,1,0,0,0,0,0,0,0,c:76274,0,1,0,0,0,0,2.0,1,0
c:150577,Cincinnati OH 45202,9/1/2011,0.0,0.0,0.0,0.0,2,1,20000,1,OH,0,0,0,0,1,fashion,0,0,0,0,0,0,0,0,0,1,c:150577,0,1,0,0,0,0,1.0,0,0
c:12052,San Francisco CA 94105,1/1/2003,0.0,3.3945,6.9781,9.2192,13,2,11600000,3,MA,0,0,1,0,0,hardware,0,0,0,0,0,0,0,0,0,1,c:12052,0,0,1,0,1,0,2.0,1,1
c:3180,San Francisco CA 94105,5/1/2006,0.1205,0.1205,-0.2438,5.263,6,1,9150000,2,CA,1,0,0,0,0,web,0,1,0,0,0,0,0,0,0,0,c:3180,0,0,1,0,0,0,2.0,1,1
c:33912,Cincinnati OH 45202,7/1/2009,0.2849,0.2849,0.0,0.2849,2,1,1200000,2,OH,0,0,0,0,1,advertising,0,0,0,0,1,0,0,0,0,0,c:33912,0,0,1,0,0,0,4.0,1,0
c:71372,Los Angeles CA 90049,2/1/2010,1.8301,1.8301,1.1616,1.1616,4,1,1700000,2,CA,1,0,0,0,0,social,0,0,0,0,0,0,0,0,0,1,c:71372,0,0,0,0,0,0,7.0,1,0
c:465,San Francisco CA 94105,1/1/2007,0.5808,2.5123,0.5918,4.9699,9,3,1415000,4,CA,1,0,0,0,0,social,0,0,0,0,0,0,0,0,0,1,c:465,1,1,0,0,0,0,1.0,1,1
c:17430,San Francisco CA 94105,1/1/2005,1.0849,3.1342,5.9178,7.9342,16,2,4200000,2,CA,1,0,0,0,0,enterprise,0,0,0,1,0,0,0,0,0,0,c:17430,0,0,1,1,0,0,1.5,1,1
c:4529,San Francisco CA 94105,1/1/2007,0.9151,1.6356,4.8521,6.0904,7,2,500000,2,MA,0,0,1,0,0,web,0,1,0,0,0,0,0,0,0,0,c:4529,0,1,1,0,0,0,2.0,0,1
c:41957,Richardson TX 75082,1/1/2002,5.9507,5.9507,2.5205,4.4767,1,1,21500000,0,TX,0,0,0,1,0,public_relations,0,0,0,0,0,0,0,0,0,1,c:41957,0,0,0,0,1,0,4.0,1,1
c:2889,San Francisco CA 94105,6/1/2006,0.0411,1.5863,2.2795,4.3918,4,2,10000000,2,UT,0,0,0,0,1,web,0,1,0,0,0,0,0,0,0,0,c:2889,0,0,1,0,0,0,2.0,0,1
c:46042,Los Angeles CA 90064,1/1/2004,1.0877,2.5616,4.0027,4.0027,7,2,9500000,1,CA,1,0,0,0,0,software,1,0,0,0,0,0,0,0,0,0,c:46042,0,0,1,1,0,0,2.5,1,0
c:38504,Albuquerque NM 87102,1/1/2007,2.9808,5.211,2.5205,4.4767,4,2,13875001,0,NM,0,0,0,0,1,cleantech,0,0,0,0,0,0,0,0,0,1,c:38504,0,0,0,0,0,0,10.0,1,0
c:25997,Red Bank NJ 7701,1/1/2000,10.9068,10.9068,9.2548,9.2548,5,1,275000,1,NJ,0,0,0,0,1,software,1,0,0,0,0,0,0,0,0,0,c:25997,0,1,0,0,0,0,2.0,0,0
c:2953,San Francisco CA 94105,1/1/2005,0.0849,5.0356,1.8329,1.8329,10,3,19743770,1,CA,1,0,0,0,0,software,1,0,0,0,0,0,0,0,0,0,c:2953,0,0,0,1,1,0,2.5,1,1
c:49876,Boston MA 2110,7/1/2008,2.0849,4.0192,2.5041,2.5041,5,5,1178000,1,MA,0,0,1,0,0,software,1,0,0,0,0,0,0,0,0,0,c:49876,0,1,0,0,0,0,5.0,1,1
c:1447,San Francisco CA 94105,1/1/2005,0.7479,2.7945,2.0575,3.8356,5,3,25000000,2,CA,1,0,0,0,0,security,0,0,0,0,0,0,0,0,0,1,c:1447,0,0,1,1,0,0,2.0,1,1
c:26114,San Francisco CA 94105,1/1/2004,1.5863,3.1808,2.5205,4.4767,1,3,24150000,0,PA,0,0,0,0,1,semiconductor,0,0,0,0,0,0,0,0,0,1,c:26114,1,0,1,1,0,0,2.0,1,1
c:25688,San Francisco CA 94105,1/1/2005,1.7479,3.5452,2.0,2.0,4,2,80000000,1,CA,1,0,0,0,0,mobile,0,0,1,0,0,0,0,0,0,0,c:25688,0,0,1,1,0,0,1.0,0,0
c:335,Santa Clara CA 95051,1/1/2004,1.4164,3.326,4.4192,9.8164,11,2,36000000,3,CA,1,0,0,0,0,hardware,0,0,0,0,0,0,0,0,0,1,c:335,0,0,1,1,0,0,3.5,1,1
c:10153,San Francisco CA 94105,9/19/2006,1.3973,1.3973,2.5205,4.4767,1,1,205000,0,MO,0,0,0,0,1,network_hosting,0,0,0,0,0,0,0,0,0,1,c:10153,0,1,0,0,0,0,1.0,0,0
c:27,San Francisco CA 94105,11/17/2002,-0.0438,4.211,6.4164,9.0658,27,4,28300000,4,CA,1,0,0,0,0,web,0,1,0,0,0,0,0,0,0,0,c:27,0,0,1,1,1,1,2.5,1,1
c:1957,San Francisco CA 94105,7/7/2007,-1.1836,-1.1836,0.8301,0.8301,1,1,2000000,1,CA,1,0,0,0,0,web,0,1,0,0,0,0,0,0,0,0,c:1957,0,0,0,0,0,0,1.0,0,0
c:63,San Francisco CA 94105,2/1/2005,0.7479,1.1616,2.4,8.8384,63,2,11500000,6,CA,1,0,0,0,0,games_video,0,0,0,0,0,1,0,0,0,0,c:63,0,0,1,1,0,0,1.0,1,1
c:58699,New York City NY 10018,1/1/2010,0.8904,0.8904,1.3288,2.526,15,1,4000000,2,NY,0,1,0,0,0,mobile,0,0,1,0,0,0,0,0,0,0,c:58699,0,0,1,0,0,0,3.0,1,0
c:43386,New York NY 10016,8/1/2009,0.7151,0.7151,0.7479,2.011,2,1,500000,2,NY,0,1,0,0,0,ecommerce,0,0,0,0,0,0,1,0,0,0,c:43386,0,1,0,0,0,0,1.0,1,0
c:3717,San Francisco CA 94105,6/1/2006,0.7425,0.7425,1.1671,3.9151,9,1,4000000,2,TX,0,0,0,1,0,search,0,0,0,0,0,0,0,0,0,1,c:3717,0,0,1,0,0,0,2.0,1,0
c:70893,Brooklyn NY 11201,1/1/2010,0.0,2.4274,2.4274,2.4986,8,2,9030000,2,NY,0,1,0,0,0,web,0,1,0,0,0,0,0,0,0,0,c:70893,0,1,1,0,0,0,4.0,1,0
c:24727,Philadelphia PA 19104,1/1/2005,0.0658,4.3863,2.5205,4.4767,15,4,69900000,0,PA,0,0,0,0,1,biotech,0,0,0,0,0,0,0,1,0,0,c:24727,0,1,1,0,1,1,4.75,1,1
c:162219,Los Angeles CA 90024,9/1/2011,0.6658,0.6658,0.4192,0.4192,2,1,20000,1,CA,1,0,0,0,0,messaging,0,0,0,0,0,0,0,0,0,1,c:162219,0,1,0,0,0,0,1.0,0,0
c:12178,San Francisco CA 94105,12/1/2000,3.6384,11.9041,10.9836,12.6822,29,7,238209999,3,IN,0,0,0,0,1,software,1,0,0,0,0,0,0,0,0,0,c:12178,1,0,0,0,0,0,2.0,1,1
c:23487,Burlington MA 1803,1/1/2004,3.1014,6.7342,4.0027,6.7342,3,3,14700000,2,MA,0,0,1,0,0,medical,0,0,0,0,0,0,0,0,0,1,c:23487,1,0,0,1,0,0,1.0,0,1
c:3400,San Francisco CA 94105,1/1/2007,-0.1288,0.8712,-0.5863,1.2137,4,3,430000,2,CA,1,0,0,0,0,games_video,0,0,0,0,0,1,0,0,0,0,c:3400,0,1,0,0,0,0,1.6667,0,1
c:176278,San Mateo CA 94403,6/1/2011,1.337,1.4219,0.5863,0.5863,5,2,1015000,1,CA,1,0,0,0,0,enterprise,0,0,0,1,0,0,0,0,0,0,c:176278,1,0,1,0,0,0,1.0,0,1
c:22113,San Francisco CA 94105,4/1/2009,0.4438,0.4438,0.8192,0.8192,2,1,1200000,1,CA,1,0,0,0,0,web,0,1,0,0,0,0,0,0,0,0,c:22113,1,0,0,0,0,0,2.0,1,0
c:5617,New Hope PA 18938,4/1/2005,1.8301,3.3288,3.274,7.6274,16,2,17100000,4,PA,0,0,0,0,1,web,0,1,0,0,0,0,0,0,0,0,c:5617,0,0,1,1,0,0,2.5,1,1
c:15996,San Francisco CA 94105,1/1/2004,4.6767,4.6767,5.9671,5.9671,0,1,50000000,1,CO,0,0,0,0,1,web,0,1,0,0,0,0,0,0,0,0,c:15996,1,0,0,0,0,0,4.0,1,1
c:46893,Los Angeles CA 90039,1/1/2006,0.6548,0.6548,2.5205,4.4767,3,1,900000,0,CA,1,0,0,0,0,software,1,0,0,0,0,0,0,0,0,0,c:46893,0,0,1,0,0,0,1.0,1,0
c:1753,San Francisco CA 94105,4/10/1990,16.9863,16.9863,16.663,18.3233,7,1,6000000,2,CA,1,0,0,0,0,network_hosting,0,0,0,0,0,0,0,0,0,1,c:1753,0,0,1,0,0,0,1.0,1,0
c:22057,New York NY 10003,1/1/2002,0.7479,7.0904,8.0055,9.874,5,2,15100000,3,NY,0,1,0,0,0,advertising,0,0,0,0,1,0,0,0,0,0,c:22057,0,1,1,0,0,0,1.0,0,1
c:35887,Petaluma CA 94954,1/1/2001,1.0,8.8795,4.0027,9.1863,7,5,62600000,2,CA,1,0,0,0,0,semiconductor,0,0,0,0,0,0,0,0,0,1,c:35887,1,0,1,1,1,1,9.3333,1,1
c:1628,San Francisco CA 94105,6/1/2006,1.8575,4.6027,3.9178,6.4301,15,4,14800000,3,CA,1,0,0,0,0,mobile,0,0,1,0,0,0,0,0,0,0,c:1628,1,0,0,1,1,0,2.25,1,1
c:4453,North Hollywood CA 91601,4/1/2008,0.0411,3.1425,1.8466,4.4877,30,2,6875000,5,CA,1,0,0,0,0,web,0,1,0,0,0,0,0,0,0,0,c:4453,1,0,1,0,0,0,7.0,1,1
c:16973,San Francisco CA 94105,12/11/2007,0.8712,0.8712,2.5205,4.4767,1,1,30000,0,TX,0,0,0,1,0,software,1,0,0,0,0,0,0,0,0,0,c:16973,0,1,0,0,0,0,1.0,0,0
c:47689,Santa Clara CA 95054,1/1/2000,6.263,6.263,6.0055,6.0055,10,1,22200000,1,CA,1,0,0,0,0,public_relations,0,0,0,0,0,0,0,0,0,1,c:47689,0,0,0,0,0,0,9.0,1,0
c:459,San Francisco CA 94105,5/18/2007,0.2055,0.4329,0.4685,2.9507,6,2,415000,2,CO,0,0,0,0,1,network_hosting,0,0,0,0,0,0,0,0,0,1,c:459,0,1,0,0,0,0,1.0,1,1
c:3094,San Francisco CA 94105,3/1/2007,-0.1616,3.8329,3.0027,4.7014,16,4,27063781,4,NY,0,1,0,0,0,web,0,1,0,0,0,0,0,0,0,0,c:3094,0,0,1,1,1,0,3.5,1,1
c:12468,San Francisco CA 94105,1/1/2003,3.0877,3.0877,5.0027,5.0027,6,1,3100000,1,CA,1,0,0,0,0,advertising,0,0,0,0,1,0,0,0,0,0,c:12468,0,0,1,0,0,0,5.0,1,1
c:856,San Francisco CA 94105,1/1/2005,2.1616,3.2877,3.4986,7.6904,13,2,33000000,4,CA,0,0,0,0,0,search,0,0,0,0,0,0,0,0,0,1,c:856,0,0,1,1,0,0,2.5,1,0
c:16276,San Francisco CA 94105,1/1/2003,2.7753,5.0027,4.1644,10.7534,2,3,17400000,2,CA,1,0,0,0,0,web,0,1,0,0,0,0,0,0,0,0,c:16276,1,0,0,0,1,0,5.0,1,1
c:410,San Francisco CA 94105,1/1/2005,0.0,3.3863,5.3973,8.7123,17,5,28300000,4,CA,1,0,0,0,0,web,0,1,0,0,0,0,0,0,0,0,c:410,0,1,1,1,1,1,2.0,1,1
c:726,San Francisco CA 94105,12/1/2006,-0.2493,2.1644,1.411,6.537000000000001,42,4,46800000,6,CA,1,0,0,0,0,advertising,0,0,0,0,1,0,0,0,0,0,c:726,0,0,1,1,1,0,2.5,1,1
c:8573,San Francisco CA 94105,1/1/2009,1.3288,2.0301,2.0,2.0301,5,3,1525000,2,IL,0,0,0,0,1,ecommerce,0,0,0,0,0,0,1,0,0,0,c:8573,0,1,0,0,0,0,2.6667,1,1
c:102867,New York City NY 10010,11/15/2011,0.3397,0.3397,0.5452,1.7151,9,1,1200000,3,NY,0,1,0,0,0,travel,0,0,0,0,0,0,0,0,0,1,c:102867,0,1,0,0,0,0,5.0,1,1
c:431,Mountain View CA 94040,5/1/2005,0.1781,4.0301,3.674,7.2438,6,3,12400000,4,CA,1,0,0,0,0,web,0,1,0,0,0,0,0,0,0,0,c:431,1,0,1,1,0,0,1.6667,1,1
c:60516,West Chester PA 19380,1/1/2006,4.5863,4.5863,2.5205,4.4767,1,1,100000,0,PA,0,0,0,0,1,biotech,0,0,0,0,0,0,0,1,0,0,c:60516,1,0,0,0,0,0,1.0,1,0
c:43832,San Francisco CA 94105,1/1/2003,2.2219,7.3288,7.0055,7.0055,4,3,11000000,1,CA,1,0,0,0,0,software,1,0,0,0,0,0,0,0,0,0,c:43832,1,1,0,1,0,0,1.6667,1,1
c:83142,Nashville TN 37201,1/1/2010,1.3397,2.2795,1.0,1.0,3,2,675000,1,TN,0,0,0,0,1,web,0,1,0,0,0,0,0,0,0,0,c:83142,0,1,0,0,0,0,1.5,0,1
c:9669,San Francisco CA 94105,1/1/2005,0.0,2.3863,2.5205,4.4767,5,2,13000000,0,CA,1,0,0,0,0,software,1,0,0,0,0,0,0,0,0,0,c:9669,0,0,1,1,0,0,2.5,1,1
c:62802,New York NY 10012,2/1/2010,0.7479,0.7479,1.0329,2.4986,5,1,3500000,2,NY,0,1,0,0,0,social,0,0,0,0,0,0,0,0,0,1,c:62802,0,0,0,0,0,0,2.0,1,1
c:56568,Bedford MA 1730,1/1/2001,4.9342,4.9342,0.0,0.0,2,1,12000000,1,MA,0,0,1,0,0,hardware,0,0,0,0,0,0,0,0,0,1,c:56568,0,0,0,0,1,0,4.0,1,0
c:531,San Francisco CA 94105,1/1/2007,0.5808,4.8521,0.9068,5.4164,10,5,78573646,4,CA,1,0,0,0,0,games_video,0,0,0,0,0,1,0,0,0,0,c:531,0,0,1,1,1,0,4.3333,1,1
c:10158,San Francisco CA 94105,1/1/2007,0.4521,6.0822,3.7425,3.7425,2,3,15286415,1,TN,0,0,0,0,1,photo_video,0,0,0,0,0,0,0,0,0,1,c:10158,0,0,1,0,0,0,1.0,0,1
c:11438,San Francisco CA 94105,1/1/2008,0.7123,0.7123,1.5836,3.0027,5,1,3200000,3,CA,1,0,0,0,0,web,0,1,0,0,0,0,0,0,0,0,c:11438,0,0,1,0,0,0,1.0,1,1
c:75796,Puyallup WA 98371,3/1/2011,0.0164,0.0164,0.0,0.0,1,1,30000,1,WA,0,0,0,0,1,advertising,0,0,0,0,1,0,0,0,0,0,c:75796,0,1,0,0,0,0,2.0,0,0
c:45428,San Mateo CA 94403,1/1/2002,0.0,10.8192,9.5863,9.5863,28,3,14650003,1,CA,1,0,0,0,0,software,1,0,0,0,0,0,0,0,0,0,c:45428,0,1,0,0,0,1,1.0,0,1
c:16365,San Francisco CA 94105,1/1/2003,3.1589,5.6712,9.0055,9.0055,9,2,23500000,1,CA,1,0,0,0,0,software,1,0,0,0,0,0,0,0,0,0,c:16365,1,0,0,1,0,0,5.0,1,1
c:46889,Boxborough MA 1719,1/1/2001,5.0082,5.0082,2.5205,4.4767,2,1,980000,0,MA,0,0,1,0,0,software,1,0,0,0,0,0,0,0,0,0,c:46889,0,0,0,0,0,0,1.0,0,0
c:16264,San Francisco CA 94105,1/1/2004,3.1562,3.1562,2.5205,4.4767,0,1,20000000,0,CA,1,0,0,0,0,hardware,0,0,0,0,0,0,0,0,0,1,c:16264,0,0,0,1,0,0,3.0,1,0
c:1253,San Francisco CA 94105,12/1/2004,-0.9178,-0.9178,2.5205,4.4767,4,1,1500000,0,WA,0,0,0,0,1,web,0,1,0,0,0,0,0,0,0,0,c:1253,0,0,0,0,0,0,3.0,0,0
c:2838,San Francisco CA 94105,1/1/2004,4.1753,5.537000000000001,6.3836,6.3836,0,2,8000000,1,CA,1,0,0,0,0,games_video,0,0,0,0,0,1,0,0,0,0,c:2838,0,0,1,0,0,0,1.5,1,1
c:732,San Francisco CA 94105,10/1/2005,0.326,4.6932,3.2548,4.6932,13,4,25200000,3,CA,1,0,0,0,0,software,1,0,0,0,0,0,0,0,0,0,c:732,0,0,1,1,1,1,4.0,1,1
c:1853,San Francisco CA 94105,6/1/2003,2.7507,4.589,7.9205,9.211,21,4,61000000,2,CA,1,0,0,0,0,software,1,0,0,0,0,0,0,0,0,0,c:1853,0,0,1,1,1,0,3.0,1,1
c:971,San Francisco CA 94105,5/1/2006,1.337,4.3041,2.0822,5.8356,12,4,46300000,4,CA,1,0,0,0,0,games_video,0,0,0,0,0,1,0,0,0,0,c:971,1,0,1,1,1,0,4.25,1,1
c:1107,San Francisco CA 94105,1/1/2002,4.0274,8.2712,5.811,11.0986,15,4,24500000,5,MD,0,0,0,0,1,software,1,0,0,0,0,0,0,0,0,0,c:1107,0,0,0,1,1,1,4.3333,1,1
c:17252,San Mateo CA 94404,1/1/2006,0.9863,1.6575,-1.3342,-1.3342,1,2,7500000,1,CA,1,0,0,0,0,games_video,0,0,0,0,0,1,0,0,0,0,c:17252,0,0,1,0,0,0,1.0,0,0
c:997,San Francisco CA 94105,1/1/2003,3.2493,3.2493,3.8356,7.8959,19,1,14500000,3,CA,1,0,0,0,0,enterprise,0,0,0,1,0,0,0,0,0,0,c:997,0,0,0,0,1,0,9.0,1,1
c:30307,San Francisco CA 94105,1/1/2007,2.6493,2.6493,1.0,1.0,1,1,29000000,1,WA,0,0,0,0,1,games_video,0,0,0,0,0,1,0,0,0,0,c:30307,1,0,0,0,0,0,5.0,1,0
c:16271,San Francisco CA 94105,1/1/2005,0.0,3.3808,5.6795,5.6795,5,3,24000000,1,CA,1,0,0,0,0,network_hosting,0,0,0,0,0,0,0,0,0,1,c:16271,0,0,1,1,1,0,2.6667,1,1
c:22712,San Francisco CA 94105,1/1/2000,5.3562,10.2082,8.0055,8.0055,2,4,81017493,1,CA,1,0,0,0,0,semiconductor,0,0,0,0,0,0,0,0,0,1,c:22712,1,0,0,0,1,1,5.6667,1,1
c:9782,San Francisco CA 94105,10/1/2007,1.8493,2.1726,2.1699,5.0822,4,2,1000000,3,CA,1,0,0,0,0,analytics,0,0,0,0,0,0,0,0,0,1,c:9782,0,1,0,0,0,0,4.5,1,1
c:68169,Louisville CO 80027,1/1/2010,1.1014,1.8712,2.6466,2.6959,14,2,12010000,2,CO,0,0,0,0,1,software,1,0,0,0,0,0,0,0,0,0,c:68169,1,0,1,0,0,0,2.5,1,1
c:55354,Woburn MA 1801,1/1/2002,3.7562,3.7562,-1.0,8.674,2,1,22000000,3,MA,0,0,1,0,0,mobile,0,0,1,0,0,0,0,0,0,0,c:55354,0,0,0,0,1,0,4.0,1,1
c:31488,San Francisco CA 94105,1/1/1999,8.4493,8.4493,2.5205,4.4767,1,1,42700000,0,CA,1,0,0,0,0,biotech,0,0,0,0,0,0,0,1,0,0,c:31488,0,0,0,1,0,0,3.0,1,0
c:17542,San Francisco CA 94105,1/1/2000,5.9753,7.3918,4.0027,4.0027,5,3,80000000,1,CA,1,0,0,0,0,software,1,0,0,0,0,0,0,0,0,0,c:17542,1,0,0,0,0,1,4.0,1,1
c:44268,Campbell CA 95008-2069,1/25/2010,1.1589,1.1589,-0.0658,2.9616,3,1,205000,3,CA,1,0,0,0,0,web,0,1,0,0,0,0,0,0,0,0,c:44268,0,1,0,0,0,0,7.0,1,1
c:51228,New York NY 10017,10/1/2008,1.7644,1.7644,0.0,3.0849,5,1,3750000,2,NY,0,1,0,0,0,analytics,0,0,0,0,0,0,0,0,0,1,c:51228,0,0,1,0,0,0,1.0,1,1
c:71852,Palo Alto CA 94301,8/1/2010,0.0,0.6411,1.5836,3.0685,11,2,41000000,2,CA,1,0,0,0,0,other,0,0,0,0,0,0,0,0,0,1,c:71852,0,0,1,1,0,0,1.5,1,0
c:23125,San Francisco CA 94105,2/1/2008,1.7781,2.3863,2.3123,4.6301,37,2,76000000,3,CA,1,0,0,0,0,games_video,0,0,0,0,0,1,0,0,0,0,c:23125,0,0,1,0,0,0,4.0,1,1
c:37928,Boxborough MA 1719,1/1/2006,0.0,2.7507,3.3315,5.2438,9,2,20000000,2,MA,0,0,1,0,0,enterprise,0,0,0,1,0,0,0,0,0,0,c:37928,0,0,1,1,0,0,1.0,1,1
c:65916,San Francisco CA 94107,4/30/2009,1.2877,3.8521,1.3945,4.2356,11,2,9356180,4,CA,1,0,0,0,0,analytics,0,0,0,0,0,0,0,0,0,1,c:65916,0,0,1,1,0,0,1.5,1,1
c:2245,San Francisco CA 94105,4/16/2013,-9.0466,-9.0466,-6.0466,-3.8822,6,1,100000,2,NY,0,1,0,0,0,advertising,0,0,0,0,1,0,0,0,0,0,c:2245,0,1,0,0,0,0,1.0,0,0
c:16618,San Francisco CA 94105,1/1/2007,2.0767,4.6603,4.5836,4.726,9,2,13600000,2,GA,0,0,0,0,1,software,1,0,0,0,0,0,0,0,0,0,c:16618,0,0,0,1,1,0,3.0,1,1
c:1541,San Francisco CA 94105,10/1/2006,1.1671,1.1671,1.926,4.0137,19,1,3000000,4,CA,1,0,0,0,0,advertising,0,0,0,0,1,0,0,0,0,0,c:1541,0,0,1,0,0,0,2.0,1,1
c:15687,San Francisco CA 94105,1/1/2005,1.874,6.4767,2.5205,4.4767,4,5,21138876,0,CA,1,0,0,0,0,advertising,0,0,0,0,1,0,0,0,0,0,c:15687,1,0,1,1,0,0,2.0,1,0
c:20889,San Francisco CA 94105,3/31/2009,0.1945,0.7836,1.211,2.3836,13,4,2345000,3,MA,0,0,1,0,0,enterprise,0,0,0,1,0,0,0,0,0,0,c:20889,0,1,1,0,0,0,5.75,1,1
c:2272,San Francisco CA 94105,1/15/2005,0.7945,0.7945,2.0466,3.326,7,1,4000000,4,CA,1,0,0,0,0,web,0,1,0,0,0,0,0,0,0,0,c:2272,0,0,1,0,0,0,1.0,0,0
c:5043,Mountain View CA 94043,1/1/2003,3.811,5.1781,1.7507,3.589,2,2,17000000,2,CA,1,0,0,0,0,software,1,0,0,0,0,0,0,0,0,0,c:5043,1,0,0,0,1,0,3.0,1,0
c:42193,New York NY 10001,1/1/2009,1.8,1.8,1.9151,1.9151,8,1,1100000,1,NY,0,1,0,0,0,web,0,1,0,0,0,0,0,0,0,0,c:42193,0,1,0,0,0,0,8.0,1,1
c:60521,Lexington KY 40507,7/26/2010,-0.2384,0.8493,0.9014,0.9014,3,4,59700,1,KY,0,0,0,0,1,software,1,0,0,0,0,0,0,0,0,0,c:60521,0,1,0,0,0,0,1.0,1,1
c:4881,San Francisco CA 94105,11/3/2008,-0.0082,-0.0082,2.9726,3.7041,12,1,2350000,3,CA,1,0,0,0,0,enterprise,0,0,0,1,0,0,0,0,0,0,c:4881,0,0,1,0,0,0,2.0,1,1
c:7345,San Francisco CA 94105,1/1/2006,1.8822,1.8822,1.0,1.0,2,1,10000000,1,VA,0,0,0,0,1,software,1,0,0,0,0,0,0,0,0,0,c:7345,0,0,1,0,0,0,2.0,1,0
c:103204,Palo Alto CA 94306,1/1/2011,0.6767,1.4493,0.0,0.0,2,2,21189,1,CA,1,0,0,0,0,mobile,0,0,1,0,0,0,0,0,0,0,c:103204,1,1,0,0,0,0,1.0,1,0
c:25743,San Francisco CA 94105,1/1/2004,2.4521,5.1562,7.6712,8.2219,7,3,28000000,2,MA,0,0,1,0,0,software,1,0,0,0,0,0,0,0,0,0,c:25743,0,0,1,1,1,0,2.6667,1,1
c:55829,Santa Clara CA 95054,1/1/2002,3.3315,3.3315,2.5205,4.4767,0,1,9500000,0,CA,1,0,0,0,0,software,1,0,0,0,0,0,0,0,0,0,c:55829,1,0,0,0,0,0,2.0,0,0
c:26556,San Francisco CA 94105,10/1/2003,1.7479,5.5616,2.2548,2.2548,5,3,69600000,1,CA,1,0,0,0,0,semiconductor,0,0,0,0,0,0,0,0,0,1,c:26556,1,0,0,1,0,1,7.6667,1,1
c:29312,San Francisco CA 94105,3/1/2003,2.6822,6.4164,2.8411,7.2356,11,3,23500000,2,VA,0,0,0,0,1,mobile,0,0,1,0,0,0,0,0,0,0,c:29312,1,0,0,1,1,0,3.6667,1,1
c:3050,Lake Oswego OR 97035,1/1/2002,4.4712,4.4712,6.7534,6.7534,6,1,13000000,1,OR,0,0,0,0,1,software,1,0,0,0,0,0,0,0,0,0,c:3050,0,0,0,0,0,1,4.0,1,1
c:2709,New York NY 10011,1/1/2005,1.5616,3.1562,3.0,3.4959,8,2,21750000,2,NY,0,1,0,0,0,games_video,0,0,0,0,0,1,0,0,0,0,c:2709,1,0,0,1,0,0,2.0,1,1
c:53946,Allentown PA 18106,1/1/2000,5.1644,5.1644,2.5205,4.4767,0,1,5750000,0,PA,0,0,0,0,1,public_relations,0,0,0,0,0,0,0,0,0,1,c:53946,0,0,0,0,1,0,4.0,1,0
c:28752,San Francisco CA 94105,1/1/2005,0.7342,1.1753,0.1616,0.1616,1,2,23400000,1,ME,0,0,0,0,1,software,1,0,0,0,0,0,0,0,0,0,c:28752,0,0,1,1,0,0,2.5,1,1
c:1148,San Francisco CA 94105,3/1/2007,1.0685,1.0685,0.8384,3.9918,4,1,4300000,3,CA,1,0,0,0,0,advertising,0,0,0,0,1,0,0,0,0,0,c:1148,0,0,1,0,0,0,2.0,1,0
c:1967,San Francisco CA 94105,8/28/2005,2.2082,4.6521,-0.6548,-0.6548,1,2,20000000,1,TX,0,0,0,1,0,security,0,0,0,0,0,0,0,0,0,1,c:1967,1,0,0,0,1,0,2.0,1,1
c:27142,San Francisco CA 94105,1/1/2004,4.2356,9.3616,5.0055,5.0055,16,2,51000000,1,CA,1,0,0,0,0,biotech,0,0,0,0,0,0,0,1,0,0,c:27142,0,0,0,0,1,0,3.5,1,1
c:42123,Dedham MA 2026,1/1/2000,3.6877,10.137,3.0027,3.0027,2,4,27101994,1,MA,0,0,1,0,0,enterprise,0,0,0,1,0,0,0,0,0,0,c:42123,1,0,0,1,0,0,4.6667,1,1
c:41656,Cupertino CA 95014,1/1/2001,5.1507,5.1507,4.0027,4.0027,6,1,6480000,1,CA,1,0,0,0,0,public_relations,0,0,0,0,0,0,0,0,0,1,c:41656,0,0,0,0,0,1,3.0,1,1
c:16145,San Francisco CA 94105,5/1/2007,0.4192,2.2329,2.2329,4.337,8,2,35000000,2,CA,1,0,0,0,0,enterprise,0,0,0,1,0,0,0,0,0,0,c:16145,0,0,1,1,0,0,2.5,1,1
c:6964,San Francisco CA 94105,1/1/2010,-3.5068,0.3945,-0.937,0.0849,5,3,11300000,2,MA,0,0,1,0,0,web,0,1,0,0,0,0,0,0,0,0,c:6964,1,0,0,1,1,0,1.0,1,0
c:155821,Lawrenceville GA 30043,1/1/2012,0.2986,0.2986,0.2986,0.2986,1,1,19000,1,GA,0,0,0,0,1,ecommerce,0,0,0,0,0,0,1,0,0,0,c:155821,0,1,0,0,0,0,1.0,0,0
c:49052,Jersey City NJ 7302,1/1/2005,1.6658,5.3014,5.8356,8.3534,27,6,78500000,3,NJ,0,0,0,0,1,ecommerce,0,0,0,0,0,0,1,0,0,0,c:49052,0,0,1,1,1,1,3.4,1,1
c:167795,NYC NY 10012,11/15/2011,0.1534,0.1534,2.5205,4.4767,4,1,600000,0,NY,0,1,0,0,0,web,0,1,0,0,0,0,0,0,0,0,c:167795,0,1,0,0,0,0,2.0,0,0
c:34152,Annapolis MD 21401,1/1/2000,5.4932,6.5836,6.7534,6.7534,3,2,13000000,1,MD,0,0,0,0,1,network_hosting,0,0,0,0,0,0,0,0,0,1,c:34152,0,0,1,1,0,0,1.5,1,1
c:3027,San Francisco CA 94105,7/1/2005,0.0,2.8356,2.9205,4.3096,7,5,43600000,3,CA,1,0,0,0,0,search,0,0,0,0,0,0,0,0,0,1,c:3027,0,0,1,1,1,1,3.0,1,0
c:10176,San Francisco CA 94105,9/10/2008,0.3589,3.4712,3.3397,5.1918,38,5,142000000,3,CA,1,0,0,0,0,enterprise,0,0,0,1,0,0,0,0,0,0,c:10176,0,0,1,1,1,1,5.2,1,1
c:50076,Mountain View CA 94043,4/11/2008,2.1836,3.3068,2.7260000000000004,3.5425,6,2,2000000,2,CA,1,0,0,0,0,web,0,1,0,0,0,0,0,0,0,0,c:50076,1,0,1,0,0,0,1.5,1,1
c:26122,San Francisco CA 94105,1/1/2001,2.0,4.0466,6.0027,6.0027,4,3,26800000,1,TX,0,0,0,1,0,software,1,0,0,0,0,0,0,0,0,0,c:26122,0,0,1,1,1,0,3.0,1,1
c:17501,San Francisco CA 94105,1/1/2006,1.2904,6.388999999999999,0.0,0.0,2,6,55900000,1,CA,1,0,0,0,0,hardware,0,0,0,0,0,0,0,0,0,1,c:17501,1,0,1,1,1,0,3.2,1,0
c:1613,San Francisco CA 94105,2/23/2005,1.6027,2.8137,3.4301,7.411,14,2,11000000,3,CA,1,0,0,0,0,mobile,0,0,1,0,0,0,0,0,0,0,c:1613,0,0,1,1,0,0,2.0,1,1
c:41484,Santa Clara CA 95054,1/1/2009,0.4137,2.474,3.0,3.0,19,3,31500000,1,CA,1,0,0,0,0,enterprise,0,0,0,1,0,0,0,0,0,0,c:41484,0,0,1,1,1,0,3.3333,1,1
c:76102,Washington DC 20009,6/12/2009,3.3863,3.3863,-0.0301,4.4274,4,1,1500000,2,DC,0,0,0,0,1,enterprise,0,0,0,1,0,0,0,0,0,0,c:76102,1,0,0,0,0,0,2.0,0,1
c:76765,New York NY 10003,5/17/2011,0.0082,1.1479,-0.0219,1.2274,5,3,900000,3,NY,0,1,0,0,0,social,0,0,0,0,0,0,0,0,0,1,c:76765,0,1,0,0,0,0,1.5,1,0
c:24986,San Francisco CA 94105,1/1/2003,1.4603,6.3918,6.4192,6.4192,4,3,58000000,1,CA,1,0,0,0,0,biotech,0,0,0,0,0,0,0,1,0,0,c:24986,0,0,1,1,1,0,5.0,1,1
c:14593,San Francisco CA 94105,1/1/2007,0.4959,4.9671,1.0,4.5123,10,4,29050000,2,MA,0,0,1,0,0,software,1,0,0,0,0,0,0,0,0,0,c:14593,1,0,0,1,0,0,2.6667,1,1
c:138030,Las Vegas NV 89101,1/1/2011,0.7589,2.4521,2.1644,2.9014,3,2,250000,2,NV,0,0,0,0,1,news,0,0,0,0,0,0,0,0,0,1,c:138030,0,1,0,0,0,0,1.5,1,1
c:45339,Santa Clara CA 95054,1/1/2003,3.6493,3.6493,2.5205,4.4767,2,1,21000000,0,CA,1,0,0,0,0,software,1,0,0,0,0,0,0,0,0,0,c:45339,0,0,0,0,1,0,4.0,1,0
c:1214,San Francisco CA 94105,1/1/2000,4.1671,7.4356,2.5205,4.4767,25,2,35000000,0,NY,0,1,0,0,0,advertising,0,0,0,0,1,0,0,0,0,0,c:1214,1,0,1,0,0,0,3.5,1,1
c:63731,San Francisco CA 94105,8/16/2010,-0.0027,-0.0027,0.0356,0.0356,2,1,500000,1,CA,1,0,0,0,0,web,0,1,0,0,0,0,0,0,0,0,c:63731,0,1,0,0,0,0,1.0,0,0
c:47848,Richardson TX 75082,1/1/2000,5.6110000000000015,6.474,4.0027,4.0027,3,2,30920000,1,TX,0,0,0,1,0,public_relations,0,0,0,0,0,0,0,0,0,1,c:47848,1,0,0,0,0,0,3.5,1,1
c:5347,San Francisco CA 94105,1/1/2002,2.0,8.0356,6.5863,6.5863,9,4,29288979,1,CA,1,0,0,0,0,software,1,0,0,0,0,0,0,0,0,0,c:5347,1,0,1,1,1,0,2.6667,1,1
c:14993,San Francisco CA 94105,1/1/1999,8.0986,12.3671,11.8411,12.0548,11,4,24200000,2,MA,0,0,1,0,0,software,1,0,0,0,0,0,0,0,0,0,c:14993,1,0,1,0,1,0,2.3333,1,0
c:1223,San Francisco CA 94105,10/1/2006,1.0,1.0,1.2521,5.2548,4,1,1000000,3,CA,1,0,0,0,0,web,0,1,0,0,0,0,0,0,0,0,c:1223,0,0,1,0,0,0,1.0,0,1
c:55421,Minnetonka MN 55343,1/1/2003,1.0,3.0575,5.4192,5.4192,3,2,5550000,1,MN,0,0,0,0,1,web,0,1,0,0,0,0,0,0,0,0,c:55421,0,1,1,0,0,0,1.0,1,1
c:28403,San Francisco CA 94105,7/27/2009,-0.1534,2.3425,0.063,1.5836,8,2,3000000,3,CA,1,0,0,0,0,mobile,0,0,1,0,0,0,0,0,0,0,c:28403,0,1,1,0,0,0,3.5,1,0
c:1283,Mountain View CA 94040,10/1/2005,0.6767,1.9178,4.9781,6.6548,13,2,14300000,3,CA,1,0,0,0,0,web,0,1,0,0,0,0,0,0,0,0,c:1283,0,0,1,1,0,0,4.5,1,1
c:49621,San Diego CA 92121,1/1/2002,4.2192,4.2192,2.5205,4.4767,0,1,1000000,0,CA,1,0,0,0,0,network_hosting,0,0,0,0,0,0,0,0,0,1,c:49621,1,0,0,0,0,0,2.0,0,0
c:15122,San Francisco CA 94105,1/1/2003,2.5644,3.389,8.1452,8.1452,7,2,11000000,1,CA,1,0,0,0,0,software,1,0,0,0,0,0,0,0,0,0,c:15122,1,0,0,1,0,0,1.5,1,1
c:38019,New York NY 10014,1/1/2007,2.0027,3.0027,2.0877,4.0685,7,2,2000000,3,NY,0,1,0,0,0,photo_video,0,0,0,0,0,0,0,0,0,1,c:38019,1,1,0,0,0,0,3.0,0,0
c:4961,San Francisco CA 94105,2/1/2007,0.8301,2.7178,4.2466,4.7918,17,2,5000000,2,CA,1,0,0,0,0,web,0,1,0,0,0,0,0,0,0,0,c:4961,1,1,0,0,0,0,1.0,1,1
c:41483,Cupertino CA 95014,1/1/2008,2.0027,2.0027,3.6603,4.0795,12,1,11000000,2,CA,1,0,0,0,0,enterprise,0,0,0,1,0,0,0,0,0,0,c:41483,0,0,0,1,0,0,3.0,1,1
c:12348,San Francisco CA 94105,7/1/2008,0.4192,3.4192,3.6027,4.8521,19,4,14100000,4,CA,1,0,0,0,0,enterprise,0,0,0,1,0,0,0,0,0,0,c:12348,0,1,1,1,0,0,2.25,1,1
c:3202,San Francisco CA 94105,8/5/2005,0.4932,0.4932,2.2411,2.2411,8,1,5000000,1,CA,1,0,0,0,0,search,0,0,0,0,0,0,0,0,0,1,c:3202,0,0,1,0,0,0,1.0,0,0
c:32144,Vancouver WA 98665,1/1/2009,0.0,1.5808,-0.1671,-0.1671,1,2,400000,1,WA,0,0,0,0,1,web,0,1,0,0,0,0,0,0,0,0,c:32144,0,1,0,0,0,0,1.0,0,0
c:32023,South San Francisco CA 94080,1/1/2000,7.3945,7.3945,4.0027,4.0027,4,1,10000000,1,CA,1,0,0,0,0,biotech,0,0,0,0,0,0,0,1,0,0,c:32023,0,0,0,0,1,0,1.0,0,1
c:1445,San Francisco CA 94105,1/1/2005,0.8329,4.0712,2.0,2.0,3,3,11035000,1,MA,0,0,1,0,0,software,1,0,0,0,0,0,0,0,0,0,c:1445,1,0,0,1,1,0,1.6667,1,0
c:53686,San Francisco CA 94105,1/1/2000,5.6438,5.6438,8.0055,11.3288,9,1,12700000,2,MA,0,0,1,0,0,public_relations,0,0,0,0,0,0,0,0,0,1,c:53686,0,0,0,0,0,1,4.0,1,1
c:50208,Pleasanton CA 94566,1/1/2008,2.9507,3.5562,0.0,0.0,3,2,20757182,1,CA,1,0,0,0,0,biotech,0,0,0,0,0,0,0,1,0,0,c:50208,0,0,0,1,0,0,1.0,1,1
c:16874,San Francisco CA 94105,6/1/2000,5.4658,7.2822,10.5918,10.5918,5,3,27000000,1,CA,1,0,0,0,0,software,1,0,0,0,0,0,0,0,0,0,c:16874,0,0,0,0,0,1,6.0,1,1
c:643,San Francisco CA 94105,4/1/2004,3.7534,3.7534,5.5425,6.7562,7,1,10000000,3,NY,0,1,0,0,0,advertising,0,0,0,0,1,0,0,0,0,0,c:643,0,0,1,0,0,0,1.0,0,1
c:53471,El Segundo CA 90245,1/1/2001,4.2219,4.2219,2.5205,4.4767,4,1,26000000,0,CA,1,0,0,0,0,public_relations,0,0,0,0,0,0,0,0,0,1,c:53471,0,0,0,0,0,1,4.0,1,0
c:37780,Farmington CT 6032,1/1/2005,2.1616,4.9562,2.5205,4.4767,2,2,4000000,0,CT,0,0,0,0,1,messaging,0,0,0,0,0,0,0,0,0,1,c:37780,0,0,1,0,0,0,2.0,1,0
c:17508,San Francisco CA 94105,1/1/2004,2.0849,3.9425,-3.0,-3.0,3,2,20220000,1,CA,1,0,0,0,0,hardware,0,0,0,0,0,0,0,0,0,1,c:17508,0,0,1,1,0,0,3.0,1,1
c:2804,San Francisco CA 94105,3/1/2001,4.3534,4.3534,6.1699,9.0904,7,1,10000000,3,NY,0,1,0,0,0,games_video,0,0,0,0,0,1,0,0,0,0,c:2804,0,0,0,1,0,0,4.0,1,1
c:11397,San Francisco CA 94105,4/7/2005,1.5123,3.6082,1.3178,4.1589,8,2,7350000,3,NY,0,1,0,0,0,games_video,0,0,0,0,0,1,0,0,0,0,c:11397,0,0,1,1,0,0,4.5,1,0
c:41409,San Jose CA 95138,7/1/2009,0.7671,0.7671,0.0,0.0,1,1,50000,1,CA,1,0,0,0,0,messaging,0,0,0,0,0,0,0,0,0,1,c:41409,0,1,0,0,0,0,1.0,0,0
c:55436,San Francisco CA 94105,1/1/2009,1.8822,1.8822,1.6603,3.0247,5,1,1000000,3,NY,0,1,0,0,0,fashion,0,0,0,0,0,0,0,0,0,1,c:55436,0,0,1,0,0,0,7.0,1,0
c:12630,San Francisco CA 94105,1/1/2003,2.7945,6.0356,7.5014,8.0055,16,4,45000000,2,CA,1,0,0,0,0,security,0,0,0,0,0,0,0,0,0,1,c:12630,0,0,1,1,1,0,2.0,1,0
c:365,San Francisco CA 94105,7/1/2007,0.2164,4.8438,0.2164,6.2466,22,5,70000000,5,CA,1,0,0,0,0,enterprise,0,0,0,1,0,0,0,0,0,0,c:365,1,0,1,1,1,0,4.2,1,0
c:20832,San Francisco CA 94105,1/1/2008,1.3096,1.3096,1.0027,1.3096,3,1,500000,2,WA,0,0,0,0,1,ecommerce,0,0,0,0,0,0,1,0,0,0,c:20832,0,0,1,0,0,0,1.0,1,0
c:39399,San Francisco CA 94133,8/1/2008,0.0849,1.3342,2.5205,4.4767,6,2,500000,0,CA,1,0,0,0,0,software,1,0,0,0,0,0,0,0,0,0,c:39399,0,0,0,0,0,0,1.0,1,0
c:17809,San Francisco CA 94105,1/1/2004,1.0877,3.6438,3.4986,3.4986,2,3,44000000,1,TX,0,0,0,1,0,semiconductor,0,0,0,0,0,0,0,0,0,1,c:17809,0,0,1,1,1,0,4.0,1,1
c:23788,San Francisco CA 94105,1/1/1999,10.3644,10.3644,5.8384,5.8384,4,1,21000000,1,CO,0,0,0,0,1,semiconductor,0,0,0,0,0,0,0,0,0,1,c:23788,1,0,0,0,0,0,5.0,1,0
c:30834,San Francisco CA 94105,1/1/2009,0.7041,1.1315,1.4493,2.2055,12,2,19000000,2,CA,1,0,0,0,0,games_video,0,0,0,0,0,1,0,0,0,0,c:30834,0,0,1,1,0,0,3.5,1,1
c:39105,Menlo Park CA 94025,1/1/2006,1.4247,4.5397,2.5205,4.4767,0,3,18700000,0,CA,1,0,0,0,0,semiconductor,0,0,0,0,0,0,0,0,0,1,c:39105,1,0,1,0,0,0,2.0,1,0
c:49960,San Bruno CA 94066,9/1/2009,1.0932,1.0932,1.6137,2.1671,6,1,10000000,2,CA,1,0,0,0,0,software,1,0,0,0,0,0,0,0,0,0,c:49960,0,0,1,0,0,0,7.0,1,1
c:9106,San Francisco CA 94105,8/1/2006,0.4192,0.4192,2.5205,4.4767,5,3,5900000,0,FL,0,0,0,0,1,software,1,0,0,0,0,0,0,0,0,0,c:9106,0,1,0,0,0,0,1.0,0,0
c:17581,San Francisco CA 94105,1/1/2004,3.4301,4.2548,6.0055,6.4219,13,2,28000000,2,MA,0,0,1,0,0,other,0,0,0,0,0,0,0,0,0,1,c:17581,0,0,0,1,1,0,2.0,1,1
c:14028,San Francisco CA 94105,1/1/2007,0.0,4.3945,3.1534,4.3945,5,7,24300000,2,NH,0,0,0,0,1,software,1,0,0,0,0,0,0,0,0,0,c:14028,1,1,1,1,0,0,2.0,1,0
c:1309,San Francisco CA 94105,1/1/2005,0.4137,5.3370000000000015,5.5205,7.189,21,4,32006000,3,CA,1,0,0,0,0,mobile,0,0,1,0,0,0,0,0,0,0,c:1309,0,1,1,1,1,0,1.6667,1,1
c:28420,San Francisco CA 94105,1/1/2002,3.0877,3.0877,1.0,1.0,4,1,13400000,1,CA,1,0,0,0,0,public_relations,0,0,0,0,0,0,0,0,0,1,c:28420,0,0,0,1,0,0,2.0,1,1
c:6562,San Francisco CA 94105,6/1/2005,3.8493,4.8329,4.9644,7.2575,18,3,9400000,3,CA,1,0,0,0,0,enterprise,0,0,0,1,0,0,0,0,0,0,c:6562,0,1,1,1,0,0,1.5,1,1
c:4394,San Francisco CA 94105,1/1/2005,1.0849,7.937,3.0,7.4301,10,6,15324624,3,CO,0,0,0,0,1,enterprise,0,0,0,1,0,0,0,0,0,0,c:4394,1,1,1,1,0,0,2.5,1,1
c:52346,Seattle WA 98121,3/1/2009,1.3342,1.3342,2.3726,4.1562,3,1,2000000,2,WA,0,0,0,0,1,web,0,1,0,0,0,0,0,0,0,0,c:52346,0,0,0,0,0,0,11.0,1,1
c:200,San Francisco CA 94105,6/1/2007,0.4192,3.674,0.8932,5.2767,24,3,16000000,4,CA,1,0,0,0,0,web,0,1,0,0,0,0,0,0,0,0,c:200,0,0,1,1,1,0,5.6667,1,1
c:36892,Saint Paul MN 55113,1/1/2006,3.9205,6.7342,2.5205,4.4767,3,3,44000000,0,MN,0,0,0,0,1,medical,0,0,0,0,0,0,0,0,0,1,c:36892,1,0,0,1,1,0,2.3333,1,0
c:139729,Philadelphia PA 19103,1/1/2010,1.811,2.4548,0.7479,0.7479,2,2,1175000,1,PA,0,0,0,0,1,software,1,0,0,0,0,0,0,0,0,0,c:139729,1,0,0,0,0,0,1.0,0,0
c:17724,San Francisco CA 94105,1/1/2000,6.8329,10.2712,13.011,13.011,22,2,9000000,1,CA,1,0,0,0,0,network_hosting,0,0,0,0,0,0,0,0,0,1,c:17724,0,0,0,0,0,0,4.0,1,1
c:16285,San Francisco CA 94105,1/1/2002,0.3288,5.3726,9.0055,9.0055,9,3,35150000,1,CA,1,0,0,0,0,web,0,1,0,0,0,0,0,0,0,0,c:16285,0,0,1,1,1,0,3.0,1,1
c:43954,Burlington MA 1803,1/1/2005,1.3288,5.6712,2.4959,5.6712,4,3,12000000,2,MA,0,0,1,0,0,software,1,0,0,0,0,0,0,0,0,0,c:43954,1,0,1,1,0,0,2.6667,1,1
c:27555,San Francisco CA 94105,1/1/2002,5.662999999999999,5.662999999999999,5.0027,5.0027,4,1,30000000,1,CA,1,0,0,0,0,biotech,0,0,0,0,0,0,0,1,0,0,c:27555,0,0,0,0,1,0,9.0,1,1
c:18804,San Francisco CA 94105,1/1/2003,6.1342,6.1342,7.1726,7.1726,5,1,8000000,1,CA,1,0,0,0,0,security,0,0,0,0,0,0,0,0,0,1,c:18804,0,0,0,1,0,0,2.0,1,1
c:14787,San Francisco CA 94105,1/1/2007,2.0959,2.0959,2.2822,3.1699,6,1,4100000,3,CA,1,0,0,0,0,advertising,0,0,0,0,1,0,0,0,0,0,c:14787,0,0,1,0,0,0,2.0,1,1
c:81474,Champaign IL 61820,1/1/2008,1.9562,3.5123,3.4986,3.4986,1,2,2408500,1,IL,0,0,0,0,1,social,0,0,0,0,0,0,0,0,0,1,c:81474,0,1,0,0,0,0,3.0,1,0
c:34401,Santa Clara CA 95054,1/1/2002,2.1644,5.8493,6.0027,6.0027,3,4,72000000,1,CA,1,0,0,0,0,other,0,0,0,0,0,0,0,0,0,1,c:34401,0,0,1,1,1,0,2.25,1,0
c:37934,Golden Valley MN 55416,1/1/2006,1.0,2.0,3.2493,3.2493,2,2,18400000,1,MN,0,0,0,0,1,enterprise,0,0,0,1,0,0,0,0,0,0,c:37934,1,0,0,0,0,0,1.0,0,0
c:25383,San Francisco CA 94105,1/1/1997,8.0219,14.9726,4.0027,4.0027,4,7,162264126,1,NC,0,0,0,0,1,biotech,0,0,0,0,0,0,0,1,0,0,c:25383,1,0,0,1,1,1,6.75,1,0
c:49872,Cambridge MA 2140,1/1/2003,7.4575,7.4575,5.5863,5.5863,7,1,29000000,1,MA,0,0,1,0,0,biotech,0,0,0,0,0,0,0,1,0,0,c:49872,1,0,0,0,0,0,7.0,1,1
c:58560,Seattle WA 98102,1/1/2000,5.4247,5.4247,2.5205,4.4767,0,1,8700000,0,WA,0,0,0,0,1,network_hosting,0,0,0,0,0,0,0,0,0,1,c:58560,0,0,1,0,0,0,2.0,1,0
c:7666,San Francisco CA 94105,1/1/2001,4.6877,4.6877,4.1644,9.274,12,1,10000000,2,MA,0,0,1,0,0,mobile,0,0,1,0,0,0,0,0,0,0,c:7666,0,0,0,0,1,0,7.0,1,1
c:19670,San Francisco CA 94105,1/1/2008,0.9178,2.6329,2.9534,3.9699,5,2,15000000,2,MA,0,0,1,0,0,software,1,0,0,0,0,0,0,0,0,0,c:19670,0,0,1,1,0,0,2.0,1,1
c:35148,Menlo Park CA 94025,1/1/2008,0.6685,0.6685,0.0,0.0,2,1,2600000,1,CA,1,0,0,0,0,search,0,0,0,0,0,0,0,0,0,1,c:35148,0,0,0,0,0,0,1.0,0,0
c:142,San Francisco CA 94105,1/6/2005,1.3151,1.3151,6.4658,8.8411,30,1,15000000,3,CA,1,0,0,0,0,web,0,1,0,0,0,0,0,0,0,0,c:142,0,0,1,0,0,0,1.0,1,1
c:101312,San Francisco CA 94105,6/1/2011,0.0822,1.8164,1.0849,2.3014,7,3,4000000,2,NY,0,1,0,0,0,web,0,1,0,0,0,0,0,0,0,0,c:101312,0,1,1,0,0,0,2.0,1,1
c:46168,Brisbane CA 94005,1/1/2006,0.9151,5.5452,5.0027,5.0027,9,2,73000000,1,CA,1,0,0,0,0,biotech,0,0,0,0,0,0,0,1,0,0,c:46168,1,0,0,1,0,0,3.0,1,1
c:78868,New York NY 10013,3/1/2011,0.3233,1.0986,0.8411,2.0411,5,4,12123837,3,NY,0,1,0,0,0,education,0,0,0,0,0,0,0,0,0,1,c:78868,0,1,1,0,0,0,4.6667,1,1
c:1236,San Francisco CA 94105,12/1/2005,0.9178,2.4877,2.5808,5.3808,18,3,22400000,3,WA,0,0,0,0,1,mobile,0,0,1,0,0,0,0,0,0,0,c:1236,1,0,1,1,0,0,3.3333,1,1
c:33949,San Francisco CA 94105,1/1/2009,1.2849,2.0082,2.1616,3.4438,12,2,5700000,3,CA,1,0,0,0,0,enterprise,0,0,0,1,0,0,0,0,0,0,c:33949,0,0,1,1,0,0,4.0,1,1
c:35433,Menlo Park CA 94025,1/1/2002,4.5452,7.8603,2.5205,4.4767,2,2,28500000,0,CA,1,0,0,0,0,biotech,0,0,0,0,0,0,0,1,0,0,c:35433,1,0,0,1,0,0,4.5,1,0
c:17774,Westford MA 1886,1/1/2007,0.9151,2.0712,2.0027,2.0027,9,2,21000000,1,MA,0,0,1,0,0,software,1,0,0,0,0,0,0,0,0,0,c:17774,0,0,1,1,0,0,2.5,1,1
c:44064,Raleigh NC 27518,1/1/1984,21.8959,21.8959,24.6849,24.6849,1,1,8000000,1,NC,0,0,0,0,1,software,1,0,0,0,0,0,0,0,0,0,c:44064,1,0,0,0,0,0,2.0,0,0
c:6171,San Francisco CA 94105,1/1/2008,0.2055,0.2055,0.1644,0.1644,1,1,1500000,1,CA,1,0,0,0,0,games_video,0,0,0,0,0,1,0,0,0,0,c:6171,0,0,1,0,0,0,1.0,1,0
c:637,San Francisco CA 94105,10/1/2006,0.5808,2.4603,2.5014,5.0932,17,3,28300000,4,MA,0,0,1,0,0,advertising,0,0,0,0,1,0,0,0,0,0,c:637,0,0,1,1,1,0,1.6667,1,1
c:30343,Palo Alto CA 94301,1/1/2008,2.1452,4.9726,2.3671,2.7123,4,5,7939553,2,CA,1,0,0,0,0,web,0,1,0,0,0,0,0,0,0,0,c:30343,1,0,0,1,0,0,2.0,1,1
c:36276,San Francisco CA 94107,1/1/2009,0.8329,0.8329,2.5205,4.4767,3,1,545000,0,CA,1,0,0,0,0,public_relations,0,0,0,0,0,0,0,0,0,1,c:36276,0,1,0,0,0,0,2.0,1,0
c:36310,Billerica MA 1821,1/1/2001,4.7452,8.9562,5.0027,5.0027,10,3,15247925,1,MA,0,0,1,0,0,semiconductor,0,0,0,0,0,0,0,0,0,1,c:36310,0,0,0,0,1,1,1.5,1,1
c:835,San Francisco CA 94105,1/1/2007,0.2466,2.5589,2.0027,4.7781,11,3,12800000,2,NY,0,1,0,0,0,games_video,0,0,0,0,0,1,0,0,0,0,c:835,0,1,1,1,0,0,1.5,1,1
c:46863,Chicago IL 60654,3/1/2010,1.063,2.4822,0.0,1.3068,1,2,950000,2,IL,0,0,0,0,1,mobile,0,0,1,0,0,0,0,0,0,0,c:46863,1,0,1,0,0,0,3.0,1,0
c:179,Woburn MA 1801,1/1/2000,2.9178,4.9205,2.0027,12.5096,6,2,16000000,5,MA,0,0,1,0,0,web,0,1,0,0,0,0,0,0,0,0,c:179,0,0,1,1,0,0,1.0,1,1
c:16784,Campbell CA 95008,1/1/2000,6.0055,6.0055,6.0055,6.0055,2,1,10000000,1,CA,1,0,0,0,0,semiconductor,0,0,0,0,0,0,0,0,0,1,c:16784,0,0,0,0,1,0,1.0,1,1
c:72750,New York NY 10013,1/1/2011,0.7781,0.7781,0.3397,2.4877,5,1,1500000,3,NY,0,1,0,0,0,fashion,0,0,0,0,0,0,0,0,0,1,c:72750,0,0,0,0,0,0,1.0,0,1
c:40152,San Francisco CA 94107,1/1/2004,5.8438,6.9452,5.9205,6.3808,6,2,13000000,2,CA,1,0,0,0,0,hardware,0,0,0,0,0,0,0,0,0,1,c:40152,1,0,0,0,1,0,2.0,1,0
c:54077,Brooklyn NY 11217,1/1/2009,2.6411,2.6411,4.0959,4.926,6,1,10000000,2,NY,0,1,0,0,0,hardware,0,0,0,0,0,0,0,0,0,1,c:54077,1,0,0,0,0,0,6.0,1,1
c:10452,San Francisco CA 94105,1/1/2008,2.0521,2.9973,2.0027,3.8137,9,2,3915000,2,NY,0,1,0,0,0,advertising,0,0,0,0,1,0,0,0,0,0,c:10452,1,0,1,0,0,0,3.0,1,1
c:55427,Brooklyn NY 11222,8/1/2009,0.0,1.5041,1.5808,3.1726,7,2,1400000,2,NY,0,1,0,0,0,travel,0,0,0,0,0,0,0,0,0,1,c:55427,0,1,1,0,0,0,6.0,1,1
c:195311,San Francisco CA 94105,8/1/2012,0.0,0.6904,0.0,0.6904,6,2,650000,2,IL,0,0,0,0,1,ecommerce,0,0,0,0,0,0,1,0,0,0,c:195311,1,1,0,0,0,0,1.0,1,0
c:2497,San Francisco CA 94105,1/1/2007,0.4137,3.2438,0.4137,6.8,5,3,9700000,4,TX,0,0,0,1,0,games_video,0,0,0,0,0,1,0,0,0,0,c:2497,1,0,1,0,0,0,1.0,1,0
c:13465,San Jose CA 95110,1/1/2003,3.1644,3.1644,2.0027,2.0027,6,1,15000000,1,CA,1,0,0,0,0,software,1,0,0,0,0,0,0,0,0,0,c:13465,0,0,0,0,0,1,3.0,1,1
c:17983,San Francisco CA 94105,1/1/2002,3.7753,10.2548,10.0301,11.0329,18,4,38764000,3,CA,1,0,0,0,0,enterprise,0,0,0,1,0,0,0,0,0,0,c:17983,1,0,1,1,0,0,2.0,1,1
c:12099,San Francisco CA 94105,11/1/2005,0.3288,6.4192,1.1671,4.989,6,8,211403000,2,CA,1,0,0,0,0,cleantech,0,0,0,0,0,0,0,0,0,1,c:12099,1,0,1,1,1,0,2.7143,1,0
c:51239,San Francisco CA 94105,1/1/2008,2.4767,2.6438,3.4164,5.2,8,2,20750000,3,CA,1,0,0,0,0,enterprise,0,0,0,1,0,0,0,0,0,0,c:51239,0,0,1,1,0,0,2.0,1,1
c:74743,San Francisco CA 94107,6/1/2009,1.2493,1.8849,2.2521,3.2219,4,2,1020000,2,CA,1,0,0,0,0,social,0,0,0,0,0,0,0,0,0,1,c:74743,0,1,1,0,0,0,2.5,1,1
c:36192,Austin TX 78730,1/1/2007,0.4301,0.4301,2.0027,2.0027,6,1,13000000,1,TX,0,0,0,1,0,software,1,0,0,0,0,0,0,0,0,0,c:36192,0,0,1,0,0,0,4.0,1,0
c:20313,San Francisco CA 94105,11/1/2007,0.1671,3.9178,0.0,2.9178,8,2,14700000,2,NY,0,1,0,0,0,software,1,0,0,0,0,0,0,0,0,0,c:20313,0,1,1,0,0,0,4.0,1,1
c:60,San Francisco CA 94105,1/1/2005,1.1616,4.1644,3.0,8.9205,19,4,33000000,4,CA,1,0,0,0,0,mobile,0,0,1,0,0,0,0,0,0,0,c:60,0,0,1,1,1,1,1.3333,1,1
c:50092,San Jose CA 95134,1/1/2005,5.4767,5.4767,2.5205,4.4767,5,1,30000000,0,CA,1,0,0,0,0,medical,0,0,0,0,0,0,0,0,0,1,c:50092,0,0,0,0,1,0,6.0,1,1
c:1637,San Francisco CA 94105,8/6/2006,0.2384,3.7644,2.4192,3.8795,10,4,33000000,3,TX,0,0,0,1,0,software,1,0,0,0,0,0,0,0,0,0,c:1637,0,0,1,1,1,0,4.0,1,0
c:144631,Washington DC 20005,12/15/2011,-0.5014,-0.5014,2.5205,4.4767,1,1,150000,0,DC,0,0,0,0,1,social,0,0,0,0,0,0,0,0,0,1,c:144631,0,1,0,0,0,0,1.0,0,0
c:56478,Waltham MA 2452,3/1/2010,0.1671,0.1671,0.5863,0.5863,3,1,20000,1,MA,0,0,1,0,0,advertising,0,0,0,0,1,0,0,0,0,0,c:56478,0,1,0,0,0,0,1.0,0,0
c:131583,Fremont CA 94555-3619,1/1/2008,3.7589,5.0685,2.5205,4.4767,2,3,30926154,0,CA,1,0,0,0,0,medical,0,0,0,0,0,0,0,0,0,1,c:131583,0,0,0,1,0,0,3.0,1,0
c:146596,Campbell CA 95008,8/16/2010,0.8164,0.8164,2.5205,4.4767,0,1,2000000,0,CA,1,0,0,0,0,advertising,0,0,0,0,1,0,0,0,0,0,c:146596,0,0,0,0,0,0,1.0,0,0
c:42163,Burlington MA 1803,1/1/2003,4.5397,9.337,2.0027,2.0027,2,2,19000000,1,MA,0,0,1,0,0,software,1,0,0,0,0,0,0,0,0,0,c:42163,1,0,0,1,0,0,3.5,1,0
c:16111,San Francisco CA 94104,1/1/2002,3.0356,6.7534,4.0027,4.0027,2,3,33000000,1,CA,1,0,0,0,0,advertising,0,0,0,0,1,0,0,0,0,0,c:16111,0,0,1,1,1,0,4.0,1,0
c:24274,San Francisco CA 94105,1/1/2002,4.3562,6.3151,4.0027,4.0027,1,3,15650000,1,GA,0,0,0,0,1,cleantech,0,0,0,0,0,0,0,0,0,1,c:24274,1,0,0,0,0,0,1.3333,1,1
c:763,San Francisco CA 92606,12/1/2000,6.3342,7.5342,7.1726,10.9315,8,3,17400000,3,CA,1,0,0,0,0,web,0,1,0,0,0,0,0,0,0,0,c:763,0,0,1,1,0,0,2.3333,1,1
c:79089,Hollywood CA 90028,10/1/2010,0.8329,0.8329,-0.1671,1.189,5,1,154000,2,CA,1,0,0,0,0,real_estate,0,0,0,0,0,0,0,0,0,1,c:79089,0,1,0,0,0,0,1.0,0,0
c:43480,Los Angeles CA 90301,1/1/2004,4.8082,4.8082,6.6027,6.7233,4,1,35000000,2,CA,1,0,0,0,0,web,0,1,0,0,0,0,0,0,0,0,c:43480,0,0,0,0,0,1,3.0,1,0
c:12224,San Francisco CA 94105,1/1/2008,0.5836,4.4301,1.2521,2.1452,5,4,7516703,3,VA,0,0,0,0,1,mobile,0,0,1,0,0,0,0,0,0,0,c:12224,1,1,0,0,0,0,1.0,0,0
c:54488,Austin TX 78759,1/1/2008,2.6247,2.6247,2.874,4.3014,1,1,48000000,3,TX,0,0,0,1,0,cleantech,0,0,0,0,0,0,0,0,0,1,c:54488,1,0,0,0,0,0,5.0,1,0
c:16181,San Francisco CA 94105,1/1/2000,5.4219,8.3014,8.0055,8.0055,6,3,65800000,1,CA,1,0,0,0,0,network_hosting,0,0,0,0,0,0,0,0,0,1,c:16181,1,0,0,0,0,1,4.6667,1,1
c:173118,Hillsborough NJ 8844,8/1/2012,0.6767,0.789,0.0,0.0,2,2,125000,1,NJ,0,0,0,0,1,analytics,0,0,0,0,0,0,0,0,0,1,c:173118,0,1,0,0,0,0,1.0,0,0
c:1607,Potomac Falls VA 20165,11/1/2006,0.5808,0.5808,-0.5041,3.8301,5,1,750000,3,VA,0,0,0,0,1,search,0,0,0,0,0,0,0,0,0,1,c:1607,0,1,0,0,0,0,2.0,1,1
c:78759,Atlanta GA 30305,1/1/2009,2.4384,2.4384,2.3288,2.4384,10,1,17000000,2,GA,0,0,0,0,1,enterprise,0,0,0,1,0,0,0,0,0,0,c:78759,1,0,0,0,0,0,5.0,1,1
c:3562,San Francisco CA 94105,5/1/1999,10.4247,13.0877,8.9808,12.7233,4,3,4087500,3,CA,1,0,0,0,0,enterprise,0,0,0,1,0,0,0,0,0,0,c:3562,1,1,0,0,0,0,1.0,0,0
c:38655,Santa Barbara CA 93105,1/1/1995,10.8795,10.8795,15.4986,15.4986,3,1,1000000,1,CA,1,0,0,0,0,hardware,0,0,0,0,0,0,0,0,0,1,c:38655,0,0,1,0,0,0,2.0,1,0
c:52406,Austin TX 78701,2/8/2007,-0.1041,6.3644,5.4822,6.7699,13,5,23500000,3,TX,0,0,0,1,0,health,0,0,0,0,0,0,0,0,0,1,c:52406,1,0,1,1,1,0,1.75,1,1
c:2178,San Francisco CA 94105,8/29/2007,0.0,0.0,2.5205,4.4767,2,1,990000,0,CA,1,0,0,0,0,web,0,1,0,0,0,0,0,0,0,0,c:2178,0,0,1,0,0,0,2.0,0,0
c:10864,San Francisco CA 94105,4/1/2007,0.7534,0.7534,3.1699,4.6247,13,1,1000000,2,AZ,0,0,0,0,1,advertising,0,0,0,0,1,0,0,0,0,0,c:10864,0,0,1,0,0,0,3.0,1,1
c:934,San Francisco CA 94105,1/1/2006,0.6658,5.1315,2.7479,6.0027,15,4,41000000,2,MA,0,0,1,0,0,health,0,0,0,0,0,0,0,0,0,1,c:934,1,0,1,1,1,0,1.75,1,1
c:23251,San Francisco CA 94105,1/1/2008,0.3699,0.3699,2.5205,4.4767,3,1,7000000,0,OR,0,0,0,0,1,semiconductor,0,0,0,0,0,0,0,0,0,1,c:23251,0,0,1,0,0,0,1.0,1,0
c:25600,San Francisco CA 94105,1/1/2008,0.8301,2.0767,1.0027,1.0027,4,2,55000000,1,MA,0,0,1,0,0,biotech,0,0,0,0,0,0,0,1,0,0,c:25600,0,0,1,1,0,0,2.0,1,1
c:46943,Chicago CA 60606,10/1/2007,3.7452,4.9671,4.6822,4.8384,10,2,69000000,2,CA,1,0,0,0,0,software,1,0,0,0,0,0,0,0,0,0,c:46943,0,0,1,1,0,0,3.5,1,1
c:15829,San Francisco CA 94105,1/1/2006,1.3288,7.0795,4.874,7.0055,25,8,129677153,3,CA,1,0,0,0,0,enterprise,0,0,0,1,0,0,0,0,0,0,c:15829,1,0,1,1,1,1,3.0,1,1
c:25737,San Francisco CA 94105,1/1/2006,2.5041,7.2521,2.5205,4.4767,4,6,232000100,0,CA,1,0,0,0,0,biotech,0,0,0,0,0,0,0,1,0,0,c:25737,0,0,1,0,1,1,3.6667,1,1
c:28483,Mountain View CA 94041,8/1/2009,0.0849,1.5863,2.1151,4.0,5,2,5700000,3,CA,1,0,0,0,0,enterprise,0,0,0,1,0,0,0,0,0,0,c:28483,0,1,1,0,0,0,4.0,1,1
c:21040,Framingham MA 1702,1/1/2002,5.6384,5.6384,4.2493,4.2493,3,1,10500000,1,MA,0,0,1,0,0,security,0,0,0,0,0,0,0,0,0,1,c:21040,0,0,0,0,0,1,4.0,1,1
c:15458,Rye Brook NY 10573,10/1/2004,1.9699,3.9205,2.5205,4.4767,2,2,23000000,0,NY,0,1,0,0,0,ecommerce,0,0,0,0,0,0,1,0,0,0,c:15458,1,0,0,0,0,0,3.0,1,0
c:1590,San Francisco CA 94105,8/28/2000,5.4329,9.4959,2.5205,4.4767,13,3,14000000,0,WA,0,0,0,0,1,photo_video,0,0,0,0,0,0,0,0,0,1,c:1590,0,0,1,1,0,0,3.0,1,1
c:5988,San Francisco CA 94105,1/1/2005,1.6466,1.6466,2.5205,4.4767,4,2,7500000,0,CA,1,0,0,0,0,software,1,0,0,0,0,0,0,0,0,0,c:5988,0,1,1,0,0,0,2.0,1,1
c:34549,Brooklyn NY 11211,1/1/2009,0.8986,0.8986,0.4137,1.6329,12,1,1420000,3,NY,0,1,0,0,0,social,0,0,0,0,0,0,0,0,0,1,c:34549,0,0,1,0,0,0,16.0,1,1
c:19538,San Francisco CA 94105,9/1/2008,0.1589,2.4274,-0.1699,2.2137,1,2,9000000,2,WA,0,0,0,0,1,ecommerce,0,0,0,0,0,0,1,0,0,0,c:19538,1,0,1,0,0,0,1.0,1,0
c:29605,Yardley PA 19067,1/1/2009,0.7644,0.7644,2.5205,4.4767,3,1,500000,0,PA,0,0,0,0,1,games_video,0,0,0,0,0,1,0,0,0,0,c:29605,1,0,0,0,0,0,1.0,1,0
c:148139,Mountain View CA 94041,1/10/2012,0.0356,0.726,0.474,0.9205,4,2,70000,2,CA,1,0,0,0,0,news,0,0,0,0,0,0,0,0,0,1,c:148139,0,1,0,0,0,0,1.0,1,1
c:904,San Francisco CA 94105,10/1/2006,0.5808,1.6548,2.5205,4.4767,3,2,850000,0,CA,1,0,0,0,0,ecommerce,0,0,0,0,0,0,1,0,0,0,c:904,0,1,1,0,0,0,1.0,1,0
c:64694,Santa Monica CA 90401,1/1/2008,3.8767,3.8767,3.0027,5.8329,9,1,15000000,2,CA,1,0,0,0,0,enterprise,0,0,0,1,0,0,0,0,0,0,c:64694,1,0,0,0,0,0,1.0,1,1
c:1923,San Francisco CA 94105,8/1/2007,0.5205,1.0959,0.2521,2.0575,12,2,3150000,2,CA,1,0,0,0,0,web,0,1,0,0,0,0,0,0,0,0,c:1923,0,1,1,0,0,0,11.5,1,1
c:152560,San Francisco CA 94109,1/1/2011,1.2164,1.2164,1.4164,2.6822,6,1,5500000,2,CA,1,0,0,0,0,ecommerce,0,0,0,0,0,0,1,0,0,0,c:152560,0,0,1,0,0,0,8.0,1,0
c:71639,San Rafael CA 94903,1/1/2009,4.8877,4.8877,3.2877,3.2877,8,1,10571182,1,CA,1,0,0,0,0,cleantech,0,0,0,0,0,0,0,0,0,1,c:71639,0,0,1,0,0,0,1.0,0,1
c:65601,Hollywood CA 90028,1/1/2010,0.5808,0.5808,2.5205,4.4767,13,1,500000,0,CA,1,0,0,0,0,real_estate,0,0,0,0,0,0,0,0,0,1,c:65601,0,1,0,0,0,0,1.0,0,0
c:2351,San Francisco CA 94105,6/1/2005,0.9233,4.7425,0.6712,7.7671,12,7,24900000,3,CA,1,0,0,0,0,music,0,0,0,0,0,0,0,0,0,1,c:2351,1,1,1,0,0,0,3.0,1,1
c:6854,Pasadena CA 91105,9/1/2007,1.7616,2.326,0.8767,3.0274,12,2,3529175,3,CA,1,0,0,0,0,web,0,1,0,0,0,0,0,0,0,0,c:6854,1,0,1,0,0,0,1.0,0,0
c:25306,San Francisco CA 94105,3/1/2008,0.0,4.6164,3.2904,5.2685,15,4,23400000,3,NY,0,1,0,0,0,travel,0,0,0,0,0,0,0,0,0,1,c:25306,0,0,1,1,1,0,2.25,1,1
c:10915,San Francisco CA 94105,1/1/2002,7.4027,7.4027,7.4,11.874,15,1,8800000,3,CA,1,0,0,0,0,security,0,0,0,0,0,0,0,0,0,1,c:10915,0,0,0,0,0,1,5.0,1,1
c:70661,New York NY 10012,2/1/2010,0.0,0.0,0.3288,0.3288,2,1,1500000,1,NY,0,1,0,0,0,fashion,0,0,0,0,0,0,0,0,0,1,c:70661,0,0,0,0,0,0,6.0,1,0
c:9668,San Francisco CA 94105,1/1/2000,4.8603,9.4247,2.5205,4.4767,3,7,74000000,0,CA,1,0,0,0,0,semiconductor,0,0,0,0,0,0,0,0,0,1,c:9668,1,0,0,0,1,1,2.0,1,0
c:2434,Portland OR 97201,1/1/2000,1.4164,2.0,7.0055,11.4219,3,3,8800000,2,OR,0,0,0,0,1,network_hosting,0,0,0,0,0,0,0,0,0,1,c:2434,0,0,1,1,0,0,1.0,0,1
c:522,San Francisco CA 94105,1/1/2001,2.5808,4.6082,0.5808,10.2219,3,2,7100000,3,CA,1,0,0,0,0,web,0,1,0,0,0,0,0,0,0,0,c:522,0,1,1,0,0,0,1.5,1,1
c:1165,Cambridge MA 2142,5/3/2006,1.3315,2.9973,2.1616,5.9616,8,3,3500000,6,MA,0,0,1,0,0,ecommerce,0,0,0,0,0,0,1,0,0,0,c:1165,1,1,1,0,0,0,1.6667,1,1
c:80433,Sunnyvale CA 94089,11/25/2009,1.589,1.589,1.1863,2.5452,6,1,3000000,2,CA,1,0,0,0,0,software,1,0,0,0,0,0,0,0,0,0,c:80433,0,0,1,0,0,0,2.0,1,1
c:79456,Kenmore NY 14217,3/1/2011,0.1288,0.274,0.3068,0.3068,5,2,11000,1,NY,0,1,0,0,0,web,0,1,0,0,0,0,0,0,0,0,c:79456,0,1,0,0,0,0,1.0,0,0
c:17282,San Francisco CA 94105,1/1/2001,6.5452,8.6,5.0027,5.0027,4,3,26200000,1,CA,1,0,0,0,0,semiconductor,0,0,0,0,0,0,0,0,0,1,c:17282,1,0,0,0,1,0,2.5,1,1
c:3610,San Francisco CA 94105,12/6/2004,1.3259999999999998,2.7096,4.3699,6.462999999999999,6,2,29000000,3,CA,1,0,0,0,0,software,1,0,0,0,0,0,0,0,0,0,c:3610,0,0,0,1,1,0,2.5,1,1
c:30667,San Francisco CA 94105,1/1/2004,4.8438,4.8438,2.5205,4.4767,2,1,10000000,0,CA,1,0,0,0,0,software,1,0,0,0,0,0,0,0,0,0,c:30667,0,0,0,1,0,0,2.0,0,0
c:59054,La Jolla CA 92037,10/4/2010,0.8521,0.8521,0.0,2.9425,3,1,500000,3,CA,1,0,0,0,0,web,0,1,0,0,0,0,0,0,0,0,c:59054,0,1,0,0,0,0,3.0,1,0
c:22721,San Francisco CA 94105,1/1/2008,0.0849,1.8384,1.4164,2.337,3,3,11500000,3,CA,1,0,0,0,0,enterprise,0,0,0,1,0,0,0,0,0,0,c:22721,0,1,1,1,0,0,1.5,1,1
c:22168,San Francisco CA 94105,7/14/2009,1.1699,3.8932,2.3014,3.4301,8,5,5350000,3,TX,0,0,0,1,0,enterprise,0,0,0,1,0,0,0,0,0,0,c:22168,0,1,1,0,0,0,3.0,1,1
c:1205,San Francisco CA 94105,2/1/2006,0.6658,3.989,5.0849,7.3699,27,3,11015719,4,CA,1,0,0,0,0,mobile,0,0,1,0,0,0,0,0,0,0,c:1205,1,0,1,0,0,0,2.0,1,0
c:23139,San Francisco CA 94103,5/1/2009,0.5288,1.0466,1.2959,3.3781,30,3,9807367,3,CA,1,0,0,0,0,advertising,0,0,0,0,1,0,0,0,0,0,c:23139,0,1,1,0,0,0,8.6667,1,1
c:51379,San Francisco CA 94110,7/1/2010,-0.4959,0.6301,0.589,3.011,8,2,2535000,2,CA,1,0,0,0,0,web,0,1,0,0,0,0,0,0,0,0,c:51379,0,1,1,0,0,0,5.0,1,1
c:23107,San Francisco CA 94105,1/1/2002,5.4658,8.9534,8.8384,8.9534,4,3,19000000,2,TX,0,0,0,1,0,enterprise,0,0,0,1,0,0,0,0,0,0,c:23107,1,0,0,1,1,0,5.3333,1,1
c:50162,Mountain View CA 94041,2/1/2010,0.0,2.7644,1.1616,1.1616,4,3,475000,1,CA,1,0,0,0,0,travel,0,0,0,0,0,0,0,0,0,1,c:50162,0,1,0,0,0,0,4.0,0,1
c:15470,New York NY 10005,1/1/2003,5.7671,7.862999999999999,9.2575,9.2575,16,2,36000000,1,NY,0,1,0,0,0,games_video,0,0,0,0,0,1,0,0,0,0,c:15470,1,0,0,1,0,0,1.0,1,1
c:58237,Pleasanton CA 94588,1/1/2002,3.1671,3.1671,2.5205,4.4767,4,1,12000000,0,CA,1,0,0,0,0,games_video,0,0,0,0,0,1,0,0,0,0,c:58237,0,0,0,0,1,0,5.0,1,1
c:25001,San Diego CA 92130-2042,1/1/2009,0.4,3.7589,3.0,3.0,15,4,122000000,1,CA,1,0,0,0,0,biotech,0,0,0,0,0,0,0,1,0,0,c:25001,0,0,1,1,1,1,2.5,1,1
c:163104,New York NY 10005,6/1/2012,0.0795,0.0795,0.5014,1.3781,8,1,1750000,2,NY,0,1,0,0,0,news,0,0,0,0,0,0,0,0,0,1,c:163104,0,0,0,0,0,0,5.0,1,1
c:43263,New York NY 10003,8/10/2009,0.5562,0.5562,-0.0247,1.9288,3,1,130000,2,NY,0,1,0,0,0,web,0,1,0,0,0,0,0,0,0,0,c:43263,0,1,0,0,0,0,1.0,0,1
c:37173,Cleveland OH 44131,1/1/1999,7.9178,10.9041,2.5205,4.4767,4,3,13222860,0,OH,0,0,0,0,1,other,0,0,0,0,0,0,0,0,0,1,c:37173,1,0,0,0,0,0,3.0,1,0
c:12179,San Francisco CA 94105,1/1/2005,4.1315,6.1507,5.5699,6.1096,10,2,2192000,3,IN,0,0,0,0,1,public_relations,0,0,0,0,0,0,0,0,0,1,c:12179,1,0,0,1,0,0,3.0,0,0
c:42501,Cambridge MA 2142,1/1/2005,5.1452,5.1452,2.0,2.0,4,1,2000000,1,MA,0,0,1,0,0,web,0,1,0,0,0,0,0,0,0,0,c:42501,1,0,0,0,0,0,1.0,1,1
c:15017,San Francisco CA 94105,1/1/2005,3.0219,4.9589,6.5836,6.6822,11,2,9400000,2,CA,1,0,0,0,0,analytics,0,0,0,0,0,0,0,0,0,1,c:15017,0,0,1,0,0,0,2.0,1,1
c:17320,San Francisco CA 94105,1/1/2003,5.3452,7.2274,2.5205,4.4767,2,4,13045000,0,CA,1,0,0,0,0,semiconductor,0,0,0,0,0,0,0,0,0,1,c:17320,0,0,1,1,0,0,2.0,1,1
c:1716,San Francisco CA 94105,1/1/2006,0.1753,4.0986,0.7342,5.0493,8,4,10000000,3,CA,1,0,0,0,0,web,0,1,0,0,0,0,0,0,0,0,c:1716,0,0,1,1,1,0,1.25,1,1
c:6356,San Francisco CA 94105,1/1/2007,1.4247,1.4247,1.0,1.0,7,1,6000000,1,CA,1,0,0,0,0,advertising,0,0,0,0,1,0,0,0,0,0,c:6356,0,0,0,1,0,0,2.0,1,1
c:7163,San Francisco CA 94105,1/1/2006,2.0,3.5562,4.5699,4.5699,3,2,2100000,1,PA,0,0,0,0,1,mobile,0,0,1,0,0,0,0,0,0,0,c:7163,1,1,0,0,0,0,2.0,0,0
c:46835,Seattle WA 98104,12/1/2009,0.4192,0.8877,0.0849,1.863,3,2,3250000,3,WA,0,0,0,0,1,travel,0,0,0,0,0,0,0,0,0,1,c:46835,1,0,1,0,0,0,1.0,1,1
c:18027,San Francisco CA 94105,1/1/2000,6.5726,7.1562,2.5205,4.4767,1,3,148000000,0,CA,1,0,0,0,0,hardware,0,0,0,0,0,0,0,0,0,1,c:18027,1,0,0,1,0,0,3.5,1,0
c:17634,San Francisco CA 94105,1/1/2000,3.9178,9.3014,10.7507,10.7507,10,2,24500000,1,CA,1,0,0,0,0,hardware,0,0,0,0,0,0,0,0,0,1,c:17634,1,0,1,0,0,0,2.0,1,1
c:47341,Provo UT 84087,4/8/2009,-0.0192,0.8959,1.063,1.063,4,2,72000,1,UT,0,0,0,0,1,enterprise,0,0,0,1,0,0,0,0,0,0,c:47341,0,1,0,0,0,0,1.0,0,0
c:42610,Palo Alto CA 94304,1/1/2001,6.6027,6.6027,4.0027,4.0027,3,1,10360000,1,CA,1,0,0,0,0,other,0,0,0,0,0,0,0,0,0,1,c:42610,0,0,0,0,1,0,5.0,1,0
c:10137,San Francisco CA 94105,7/8/2008,0.0192,1.5699,2.4849,4.8712,12,3,1310000,2,NY,0,1,0,0,0,software,1,0,0,0,0,0,0,0,0,0,c:10137,0,1,0,0,0,0,6.0,1,1
c:47662,New York NY 10036,2/12/2010,-0.1151,-0.1151,0.0466,0.0466,1,1,150000,1,NY,0,1,0,0,0,games_video,0,0,0,0,0,1,0,0,0,0,c:47662,0,1,0,0,0,0,1.0,0,0
c:29387,San Francisco CA 94105,1/1/2003,3.0877,9.3178,0.4959,9.5315,5,3,64000000,2,CA,1,0,0,0,0,semiconductor,0,0,0,0,0,0,0,0,0,1,c:29387,1,0,0,1,1,0,3.3333,1,1
c:58696,Columbus OH 43207,5/1/2010,0.0,0.0,0.0,0.0,2,1,250000,1,OH,0,0,0,0,1,ecommerce,0,0,0,0,0,0,1,0,0,0,c:58696,0,1,0,0,0,0,1.0,0,0
c:13815,San Francisco CA 94105,1/1/2008,-0.2521,2.0877,1.4164,1.4164,6,3,1830000,1,CA,1,0,0,0,0,health,0,0,0,0,0,0,0,0,0,1,c:13815,0,1,1,0,0,0,2.0,0,1
c:55307,Portland OR 97204,8/1/2010,0.4192,1.0247,0.7726,2.1699,10,2,9800000,4,OR,0,0,0,0,1,enterprise,0,0,0,1,0,0,0,0,0,0,c:55307,0,0,1,1,0,0,4.5,1,1
c:2033,San Francisco CA 94105,5/4/2005,1.8247,1.8247,3.8959,5.9068,15,1,2300000,3,CA,1,0,0,0,0,web,0,1,0,0,0,0,0,0,0,0,c:2033,0,0,1,0,0,0,1.0,0,1
c:444,San Francisco CA 94105,3/1/2005,2.4192,3.0904,-0.1616,3.9699,3,2,1310000,4,WA,0,0,0,0,1,web,0,1,0,0,0,0,0,0,0,0,c:444,0,1,0,0,0,0,1.0,0,0
c:454,San Francisco CA 94105,4/1/2007,0.0822,0.8384,0.0,4.1836,4,2,4500000,5,CA,1,0,0,0,0,games_video,0,0,0,0,0,1,0,0,0,0,c:454,0,1,0,1,0,0,5.5,1,0
c:11531,San Francisco CA 94105,1/1/2003,2.1616,5.7315,5.0027,5.0027,5,3,22000000,1,CA,1,0,0,0,0,software,1,0,0,0,0,0,0,0,0,0,c:11531,0,0,1,1,1,0,2.6667,1,1
c:741,San Francisco CA 94105,1/1/2007,0.6658,2.0795,3.0301,4.2877,23,3,10000000,3,CA,1,0,0,0,0,advertising,0,0,0,0,1,0,0,0,0,0,c:741,0,1,1,1,0,0,2.6667,1,1
c:37826,New York NY 10014,3/1/2009,0.8904,2.2521,2.6603,2.7534,21,4,36500000,3,NY,0,1,0,0,0,ecommerce,0,0,0,0,0,0,1,0,0,0,c:37826,0,0,1,1,1,0,1.5,1,1
c:7299,San Francisco CA 94105,6/1/2003,1.7507,9.9589,9.3425,10.4603,35,7,33672656,3,CO,0,0,0,0,1,web,0,1,0,0,0,0,0,0,0,0,c:7299,1,0,1,1,0,0,2.0,1,1
c:35579,Cupertino CA 95014,1/1/2009,0.8603,2.926,3.0,3.0,4,3,19000000,1,CA,1,0,0,0,0,enterprise,0,0,0,1,0,0,0,0,0,0,c:35579,0,0,1,1,0,0,2.0,1,1
c:21654,Sunnyvale CA 94086,1/1/2002,3.4685,3.4685,2.0,2.0,3,1,30000000,1,CA,1,0,0,0,0,semiconductor,0,0,0,0,0,0,0,0,0,1,c:21654,0,0,0,1,0,0,4.0,1,1
c:57338,Mountain View CA 94041,3/19/2009,1.5151,2.937,2.6384,3.8164,6,2,2250000,2,CA,1,0,0,0,0,web,0,1,0,0,0,0,0,0,0,0,c:57338,1,0,0,0,0,0,8.5,1,1
c:16613,San Francisco CA 94105,1/1/2000,5.8658,9.9644,8.1699,8.1699,7,6,53818873,1,CA,1,0,0,0,0,hardware,0,0,0,0,0,0,0,0,0,1,c:16613,1,0,0,0,1,0,4.25,1,1
c:334,San Francisco CA 94105,2/1/2004,2.6658,2.6658,2.5205,4.4767,6,1,5500000,0,CA,1,0,0,0,0,web,0,1,0,0,0,0,0,0,0,0,c:334,0,0,1,0,0,0,1.0,1,0
c:8527,San Francisco CA 94105,12/1/2006,1.9973,1.9973,-0.0822,3.5205,3,1,6000000,2,WA,0,0,0,0,1,network_hosting,0,0,0,0,0,0,0,0,0,1,c:8527,0,0,1,0,0,0,1.0,1,1
c:1389,Redwood City CA 94063-2026,1/1/2006,1.4959,1.6658,0.0,7.5233,2,2,30150000,3,CA,1,0,0,0,0,advertising,0,0,0,0,1,0,0,0,0,0,c:1389,0,0,1,1,0,0,1.5,1,0
c:31614,San Francisco CA 94105,1/1/2002,3.7863,5.5123,2.5205,4.4767,11,2,83000000,0,CA,1,0,0,0,0,biotech,0,0,0,0,0,0,0,1,0,0,c:31614,1,0,0,0,0,0,1.0,0,1
c:15709,San Francisco CA 94105,1/1/2006,1.0,2.7096,2.5205,4.4767,1,2,12000000,0,NY,0,1,0,0,0,games_video,0,0,0,0,0,1,0,0,0,0,c:15709,0,0,1,1,0,0,1.0,0,0
c:63053,Sunnyvale CA 94085,1/1/2008,0.1644,1.4986,3.1644,5.5479,6,2,3500000,2,CA,1,0,0,0,0,software,1,0,0,0,0,0,0,0,0,0,c:63053,0,1,1,0,0,0,1.0,0,1
c:668,San Francisco CA 94105,1/1/2006,1.4301,1.4301,2.3452,3.4575,5,1,4000000,3,CA,1,0,0,0,0,software,1,0,0,0,0,0,0,0,0,0,c:668,0,0,1,0,0,0,4.0,1,1
c:79149,Yorba Linda CA 92887,1/1/2009,2.4521,3.6027,2.5205,4.4767,9,2,4000000,0,CA,1,0,0,0,0,manufacturing,0,0,0,0,0,0,0,0,0,1,c:79149,0,0,1,0,0,0,1.0,1,0
c:17070,San Francisco CA 94105,1/1/2000,5.8274,7.7151,10.0082,10.0082,11,2,25000000,1,CA,1,0,0,0,0,software,1,0,0,0,0,0,0,0,0,0,c:17070,1,0,0,0,0,0,4.5,1,1
c:7329,New York NY 10011,8/1/2007,0.8356,3.7616,0.9041,0.9041,5,3,1420698,1,NY,0,1,0,0,0,mobile,0,0,1,0,0,0,0,0,0,0,c:7329,1,1,0,0,0,0,2.0,1,1
c:26666,San Francisco CA 94105,10/1/2001,1.6219,5.3315,-3.7507,-3.7507,5,2,10000000,1,CA,1,0,0,0,0,semiconductor,0,0,0,0,0,0,0,0,0,1,c:26666,1,0,1,0,0,0,3.0,1,1
c:32475,Palo Alto CA 94301,1/1/2007,1.1644,4.7973,2.326,6.9041,18,3,67000000,5,CA,1,0,0,0,0,transportation,0,0,0,0,0,0,0,0,0,1,c:32475,0,0,1,1,1,0,2.6667,1,1
c:5585,San Francisco CA 94105,7/1/2005,0.337,5.2301,4.1726,5.7205,13,4,53000000,3,CA,1,0,0,0,0,analytics,0,0,0,0,0,0,0,0,0,1,c:5585,0,1,1,1,1,0,4.5,1,1
c:59298,Los Angeles CA 90024,5/1/2010,0.4658,1.2247,0.0,1.2247,5,2,300000,2,CA,1,0,0,0,0,games_video,0,0,0,0,0,1,0,0,0,0,c:59298,0,1,0,1,0,0,2.0,1,0
c:19725,Palo Alto CA 94301,1/1/2002,5.6685,8.5014,6.7534,8.0932,4,3,1400000,2,CA,1,0,0,0,0,software,1,0,0,0,0,0,0,0,0,0,c:19725,0,1,0,0,0,0,1.0,0,1
c:3770,San Francisco CA 94105,1/1/2004,2.9178,4.2548,2.0027,7.1699,4,2,6500000,3,CA,1,0,0,0,0,web,0,1,0,0,0,0,0,0,0,0,c:3770,0,0,1,0,0,0,7.0,1,1
c:13127,San Francisco CA 94105,11/1/2008,1.2795,1.2795,2.7041,3.5836,8,1,5000000,3,CA,1,0,0,0,0,cleantech,0,0,0,0,0,0,0,0,0,1,c:13127,0,0,1,0,0,0,1.0,1,1
c:59187,Seattle WA 98104,1/1/2007,2.9342,5.5342,3.9178,6.1973,6,2,9600000,2,WA,0,0,0,0,1,enterprise,0,0,0,1,0,0,0,0,0,0,c:59187,0,0,1,0,0,0,3.0,1,1
c:253,San Francisco CA 94105,2/1/2000,0.2466,7.4164,3.9178,10.9233,9,5,58200000,3,WA,0,0,0,0,1,mobile,0,0,1,0,0,0,0,0,0,0,c:253,0,0,1,1,1,1,1.4,1,1
c:1350,San Francisco CA 94105,1/1/2006,0.9151,3.7479,0.5808,4.8822,14,3,28000000,2,MA,0,0,1,0,0,network_hosting,0,0,0,0,0,0,0,0,0,1,c:1350,0,0,1,1,1,0,2.6667,1,1
c:26240,San Francisco CA 94105,1/1/2005,4.7479,5.2301,5.8548,7.7562,10,2,30000000,3,TX,0,0,0,1,0,network_hosting,0,0,0,0,0,0,0,0,0,1,c:26240,1,0,0,0,0,0,1.0,0,1
c:3487,San Francisco CA 94105,1/1/2007,1.0,2.1644,4.3644,5.3342,10,2,3500000,2,CA,1,0,0,0,0,games_video,0,0,0,0,0,1,0,0,0,0,c:3487,0,1,1,0,0,0,2.0,0,1
c:2478,San Francisco CA 94105,1/1/2008,0.0849,0.0849,-1.0,0.1342,7,1,16700000,2,MA,0,0,1,0,0,web,0,1,0,0,0,0,0,0,0,0,c:2478,0,0,1,0,0,0,4.0,0,0
c:42062,Tempe AZ 85284,1/1/1996,11.1452,11.1452,2.5205,4.4767,0,1,18000000,0,AZ,0,0,0,0,1,semiconductor,0,0,0,0,0,0,0,0,0,1,c:42062,0,0,0,1,0,0,7.0,1,0
c:51890,Sunnyvale CA 94085,1/1/2003,7.537000000000001,7.537000000000001,7.0055,7.0055,6,1,15000000,1,CA,1,0,0,0,0,medical,0,0,0,0,0,0,0,0,0,1,c:51890,0,0,0,0,0,1,6.0,1,1
c:17481,San Francisco CA 94105,1/1/2004,3.9178,3.9178,2.5205,4.4767,2,2,12000000,0,CA,1,0,0,0,0,hardware,0,0,0,0,0,0,0,0,0,1,c:17481,0,0,1,1,0,0,4.0,1,0
c:148284,Toledo OH 43607,9/19/2009,1.2849,1.2849,0.0,0.0,1,1,15000,1,OH,0,0,0,0,1,ecommerce,0,0,0,0,0,0,1,0,0,0,c:148284,0,1,0,0,0,0,1.0,0,0
c:38095,Seattle WA 98101,11/16/2009,1.3096,1.3096,1.3096,2.8822,11,1,200000,3,WA,0,0,0,0,1,news,0,0,0,0,0,0,0,0,0,1,c:38095,1,0,0,0,0,0,1.0,0,1
c:42227,Carlsbad CA 92008,1/1/2003,4.0274,4.0274,2.5205,4.4767,0,1,15000000,0,CA,1,0,0,0,0,semiconductor,0,0,0,0,0,0,0,0,0,1,c:42227,0,0,0,0,1,0,1.0,0,0
c:41006,San Francisco CA 94111,10/9/2009,-0.0822,1.2301,0.3151,1.2986,4,2,1400000,2,CA,1,0,0,0,0,enterprise,0,0,0,1,0,0,0,0,0,0,c:41006,0,1,0,0,0,0,3.0,0,1
c:27938,San Francisco CA 94105,1/1/2006,-0.8658,6.1233,5.0027,5.0027,5,4,11400000,1,NY,0,1,0,0,0,enterprise,0,0,0,1,0,0,0,0,0,0,c:27938,1,0,0,1,0,0,3.0,1,0
c:28482,San Francisco CA 94105,1/1/2008,0.7562,4.4137,2.7836,4.0027,14,4,34250000,2,CA,1,0,0,0,0,cleantech,0,0,0,0,0,0,0,0,0,1,c:28482,1,0,1,1,1,0,2.25,1,1
c:5801,San Francisco CA 94105,1/1/2008,0.0,2.7205,1.0027,5.9479,4,4,3800000,4,TX,0,0,0,1,0,messaging,0,0,0,0,0,0,0,0,0,1,c:5801,0,1,1,0,0,0,4.75,1,1
c:17738,San Francisco CA 94105,1/1/2003,4.4521,6.1151,6.5863,6.5863,3,2,10100000,1,CA,1,0,0,0,0,software,1,0,0,0,0,0,0,0,0,0,c:17738,1,0,0,0,1,0,3.0,1,1
c:45112,Santa Clara CA 95051,1/1/2003,4.0795,4.0795,2.5205,4.4767,0,1,4000000,0,CA,1,0,0,0,0,software,1,0,0,0,0,0,0,0,0,0,c:45112,0,0,0,1,0,0,6.0,1,0
c:22726,San Francisco CA 94105,1/1/2008,1.9562,1.9562,1.9562,2.0027,11,1,3011408,3,CA,1,0,0,0,0,software,1,0,0,0,0,0,0,0,0,0,c:22726,0,0,0,1,0,0,1.0,1,1
c:43458,San Mateo CA 94402,1/1/1998,9.7315,9.7315,6.0027,6.0027,2,1,8000000,1,CA,1,0,0,0,0,software,1,0,0,0,0,0,0,0,0,0,c:43458,1,0,0,0,0,0,3.0,1,0
c:195233,San Mateo CA 94401,7/1/2010,0.0,2.8795,2.3397,2.3397,15,2,12700000,1,CA,1,0,0,0,0,analytics,0,0,0,0,0,0,0,0,0,1,c:195233,0,0,1,0,0,0,1.5,1,1
c:6219,San Francisco CA 94105,9/1/2007,0.0,0.0,0.3342,3.2219,5,1,300000,4,CA,1,0,0,0,0,public_relations,0,0,0,0,0,0,0,0,0,1,c:6219,0,1,0,0,0,0,2.0,0,0
c:38337,San Francisco CA 94105,2/5/2013,0.0,0.0,-1.8027,-0.0959,21,1,5675000,2,CA,1,0,0,0,0,web,0,1,0,0,0,0,0,0,0,0,c:38337,1,0,0,0,0,0,4.0,1,1
c:20672,San Francisco CA 94105,8/1/2008,4.0877,4.0877,4.6685,5.1863,13,1,1000000,2,CA,1,0,0,0,0,advertising,0,0,0,0,1,0,0,0,0,0,c:20672,0,1,0,0,0,0,5.0,1,1
c:14483,San Francisco CA 94105,9/1/2008,0.0,0.0,2.5205,4.4767,2,1,125000,0,FL,0,0,0,0,1,enterprise,0,0,0,1,0,0,0,0,0,0,c:14483,0,1,0,0,0,0,1.0,0,0
c:44616,Westport CT 6880,1/1/2010,0.2247,0.9534,0.5808,1.0685,2,2,700000,2,CT,0,0,0,0,1,web,0,1,0,0,0,0,0,0,0,0,c:44616,0,1,0,0,0,0,2.5,0,0
c:60580,Seattle WA 98109,8/1/2010,0.2521,0.6438,1.2685,1.7479,6,2,532000,2,WA,0,0,0,0,1,enterprise,0,0,0,1,0,0,0,0,0,0,c:60580,0,1,0,0,0,0,5.0,1,1
c:1111,San Francisco CA 94105,7/15/2005,0.2137,2.2137,4.6301,5.5534,8,2,8500000,3,CA,1,0,0,0,0,web,0,1,0,0,0,0,0,0,0,0,c:1111,0,0,1,1,0,0,1.0,1,1
c:2955,San Francisco CA 94105,1/1/2003,3.5699,3.5699,5.8795,9.3808,2,1,9400000,3,WA,0,0,0,0,1,network_hosting,0,0,0,0,0,0,0,0,0,1,c:2955,0,0,0,1,0,0,1.0,1,1
c:148566,San Francisco CA 94105,1/1/2010,-1.0,2.2493,1.7479,1.7479,3,2,350000,1,RI,0,0,0,0,1,mobile,0,0,1,0,0,0,0,0,0,0,c:148566,0,1,0,0,0,0,1.0,1,0
c:703,San Francisco CA 94105,4/1/2006,1.1671,3.2110000000000003,0.7534,2.8110000000000004,16,2,12300000,3,NY,0,1,0,0,0,enterprise,0,0,0,1,0,0,0,0,0,0,c:703,0,0,0,1,1,0,1.5,1,1
c:38721,Chelmsford MA 1824,1/1/2006,1.5753,5.9589,4.4164,4.4164,6,5,25413298,1,MA,0,0,1,0,0,network_hosting,0,0,0,0,0,0,0,0,0,1,c:38721,1,0,1,1,0,0,3.0,1,1
c:79431,San Francisco CA 94105,5/1/2010,0.4329,1.126,2.6904,3.5397,23,2,9800000,2,CA,1,0,0,0,0,news,0,0,0,0,0,0,0,0,0,1,c:79431,0,1,1,0,0,0,4.5,1,1
c:50449,San Francisco CA 94107,5/1/2010,-0.3288,0.337,0.4082,0.8712,5,2,1015000,2,CA,1,0,0,0,0,games_video,0,0,0,0,0,1,0,0,0,0,c:50449,0,1,0,0,0,0,5.0,1,0
c:61783,Boulder CO 80302,1/1/2009,0.0,3.4712,0.0,1.9123,4,5,10000003,2,CO,0,0,0,0,1,enterprise,0,0,0,1,0,0,0,0,0,0,c:61783,1,0,1,1,0,0,1.5,1,1
c:10199,San Francisco CA 94105,6/8/2007,0.7699,2.8548,-0.4329,2.8521,3,2,1750000,2,IL,0,0,0,0,1,travel,0,0,0,0,0,0,0,0,0,1,c:10199,1,1,0,0,0,0,1.0,1,1
c:37304,San Francisco CA 94103,9/1/2009,0.9397,0.9397,1.4959,3.8164,4,1,100000,2,CA,1,0,0,0,0,messaging,0,0,0,0,0,0,0,0,0,1,c:37304,0,1,0,0,0,0,3.0,1,1
c:179507,Palo Alto CA 94301,1/1/2011,1.926,1.926,1.6685,2.4658,1,1,12000000,2,CA,1,0,0,0,0,software,1,0,0,0,0,0,0,0,0,0,c:179507,1,0,0,0,0,0,2.0,1,1
c:55122,New York NY 10010,5/1/2010,0.3178,0.6795,0.7945,2.8521,16,2,11450000,3,NY,0,1,0,0,0,messaging,0,0,0,0,0,0,0,0,0,1,c:55122,0,1,0,1,0,0,8.5,1,1
c:11498,San Francisco CA 94105,12/1/2007,0.6685,0.6685,-0.9151,0.863,7,1,50000,2,CA,1,0,0,0,0,advertising,0,0,0,0,1,0,0,0,0,0,c:11498,0,1,0,0,0,0,3.0,0,0
c:16134,San Francisco CA 94105,1/1/2006,2.5808,2.5808,3.0027,4.6082,4,1,20000000,2,CA,1,0,0,0,0,software,1,0,0,0,0,0,0,0,0,0,c:16134,0,0,0,1,0,0,4.0,1,0
c:35511,Austin TX 78746,1/1/2003,2.9671,3.7151,6.9671,8.3342,16,2,42500000,3,TX,0,0,0,1,0,public_relations,0,0,0,0,0,0,0,0,0,1,c:35511,0,0,0,0,1,1,5.5,1,1
c:30152,San Francisco CA 94105,1/1/2006,0.0,2.3479,0.0,5.1616,7,3,22487000,2,CA,1,0,0,0,0,semiconductor,0,0,0,0,0,0,0,0,0,1,c:30152,1,0,0,1,1,0,2.3333,1,1
c:27339,San Francisco CA 94105,1/1/2007,2.5342,2.5342,-1.2521,4.0493,3,1,7800000,2,CA,1,0,0,0,0,software,1,0,0,0,0,0,0,0,0,0,c:27339,1,0,0,0,0,0,2.0,1,1
c:25510,Hampton NJ 8827,1/1/2001,3.9726,10.2493,3.0,3.0,8,4,59000000,1,NJ,0,0,0,0,1,semiconductor,0,0,0,0,0,0,0,0,0,1,c:25510,0,0,0,1,1,0,6.0,1,1
c:33519,Idaho Falls ID 83402,10/1/2008,2.337,2.337,0.5808,2.3726,5,1,4000000,4,ID,0,0,0,0,1,mobile,0,0,1,0,0,0,0,0,0,0,c:33519,0,0,1,0,0,0,1.0,1,0
c:42223,San Diego CA 92121,8/2/2008,1.5452,4.5178,1.663,4.9178,6,4,71400000,3,CA,1,0,0,0,0,cleantech,0,0,0,0,0,0,0,0,0,1,c:42223,1,0,1,0,0,0,2.6667,1,1
c:42497,San Francisco CA 94103,1/1/2008,0.7918,4.3205,3.9753,3.9753,5,3,25500000,1,CA,1,0,0,0,0,cleantech,0,0,0,0,0,0,0,0,0,1,c:42497,0,0,1,1,0,0,2.6667,1,1
c:15123,Mountain View CA 94040-2573,1/1/2005,5.8603,7.6986,5.8603,7.6712,28,4,28932322,3,CA,1,0,0,0,0,advertising,0,0,0,0,1,0,0,0,0,0,c:15123,1,0,0,0,1,0,2.6667,1,1
c:23588,San Francisco CA 94105,1/15/2007,0.9616,5.7151,6.0438,6.8849,18,6,35200000,3,CA,1,0,0,0,0,analytics,0,0,0,0,0,0,0,0,0,1,c:23588,1,0,1,1,1,0,2.3333,1,1
c:38273,Burlington MA 1803,1/1/2000,5.2027,8.1178,8.0055,8.0055,2,2,10000000,1,MA,0,0,1,0,0,public_relations,0,0,0,0,0,0,0,0,0,1,c:38273,1,0,0,0,1,0,2.5,1,0
c:15018,San Francisco CA 94105,1/8/2008,0.7178,3.7068,0.537,3.6274,11,3,22100000,4,CA,1,0,0,0,0,analytics,0,0,0,0,0,0,0,0,0,1,c:15018,1,0,1,1,0,0,2.6667,1,1
c:37335,Acton MA 1720,1/1/2001,3.0521,9.4767,1.0,1.0,4,5,33000000,1,MA,0,0,1,0,0,mobile,0,0,1,0,0,0,0,0,0,0,c:37335,1,0,0,1,1,1,2.0,1,1
c:31559,San Francisco CA 94105,1/1/2001,6.2986,6.2986,6.0027,6.0027,9,1,15000000,1,CA,1,0,0,0,0,biotech,0,0,0,0,0,0,0,1,0,0,c:31559,0,0,0,0,0,0,3.0,1,1
c:9665,San Francisco CA 94105,1/1/2000,6.937,9.1589,6.0055,6.0055,6,3,13000000,1,CA,1,0,0,0,0,mobile,0,0,1,0,0,0,0,0,0,0,c:9665,0,0,0,0,0,1,3.0,1,1
c:18163,San Francisco CA 94105,1/1/2004,1.9671,3.1945,2.2493,2.2493,5,2,12800000,1,CA,1,0,0,0,0,mobile,0,0,1,0,0,0,0,0,0,0,c:18163,0,0,1,1,0,0,2.5,1,1
c:14345,New York NY 10011,11/1/2007,0.1671,3.7808,3.8356,6.1178,6,2,626096,3,NY,0,1,0,0,0,mobile,0,0,1,0,0,0,0,0,0,0,c:14345,1,0,1,0,0,0,1.0,1,0
c:33416,Cambridge MA 2139,6/1/2008,-0.1671,3.6493,4.1507,4.6849,12,4,20350000,3,MA,0,0,1,0,0,analytics,0,0,0,0,0,0,0,0,0,1,c:33416,0,1,1,1,0,0,3.75,1,1
c:40147,San Jose CA 95134,1/1/2004,5.7836,5.7836,2.0027,2.0027,1,1,10000000,1,CA,1,0,0,0,0,hardware,0,0,0,0,0,0,0,0,0,1,c:40147,1,0,0,0,0,0,3.0,1,0
c:62269,San Francisco CA 94105,1/1/2011,0.5671,0.5671,0.5671,2.3534,5,1,425000,3,CA,1,0,0,0,0,web,0,1,0,0,0,0,0,0,0,0,c:62269,0,1,0,0,0,0,2.0,1,1
c:16273,San Francisco CA 94105,1/1/2003,5.3644,7.9781,5.2521,5.2521,5,3,37891054,1,CA,1,0,0,0,0,semiconductor,0,0,0,0,0,0,0,0,0,1,c:16273,1,0,0,1,1,0,3.0,1,1
c:38196,La Jolla CA 92037,1/1/2004,1.0877,7.7616,6.8849,6.8849,9,5,40000000,1,CA,1,0,0,0,0,mobile,0,0,1,0,0,0,0,0,0,0,c:38196,1,0,1,1,1,0,4.0,1,1
c:5411,San Francisco CA 94105,9/1/2007,0.7014,2.126,2.4027,4.0548,10,3,5550000,4,CA,1,0,0,0,0,games_video,0,0,0,0,0,1,0,0,0,0,c:5411,0,0,1,1,0,0,3.0,1,1
c:54465,San Francisco CA 94105,1/1/2010,0.5808,0.5808,0.0,2.1315,3,1,770000,3,CA,1,0,0,0,0,mobile,0,0,1,0,0,0,0,0,0,0,c:54465,0,1,0,0,0,0,6.0,1,1
c:34267,Addison TX 75001,9/1/2006,0.1068,4.7342,2.5205,4.4767,0,4,19550000,0,TX,0,0,0,1,0,consulting,0,0,0,0,0,0,0,0,1,0,c:34267,1,0,1,0,0,0,1.0,1,0
c:1042,San Francisco CA 94105,10/1/2007,1.4795,2.2521,2.2521,2.2521,6,2,4000000,1,CA,1,0,0,0,0,web,0,1,0,0,0,0,0,0,0,0,c:1042,1,0,0,0,0,0,1.0,0,1
c:1756,San Francisco CA 94105,3/1/2004,1.0849,5.8192,6.3507,9.4411,14,4,42000000,4,VA,0,0,0,0,1,web,0,1,0,0,0,0,0,0,0,0,c:1756,0,0,1,1,1,0,2.3333,1,1
c:31452,San Francisco CA 94105,1/1/2005,3.6548,3.6548,2.5205,4.4767,0,1,1900000,0,CO,0,0,0,0,1,other,0,0,0,0,0,0,0,0,0,1,c:31452,0,0,1,0,0,0,1.0,1,0
c:39101,Aliso Viejo CA 92656,11/1/2008,1.1781,2.7151,2.5178,3.6685,21,3,45039999,3,CA,1,0,0,0,0,games_video,0,0,0,0,0,1,0,0,0,0,c:39101,0,0,1,1,1,0,3.6667,1,1
c:60186,San Francisco CA 94110,1/1/2006,4.5315,4.5315,5.5288,5.5288,1,1,1310000,1,CA,1,0,0,0,0,news,0,0,0,0,0,0,0,0,0,1,c:60186,1,0,0,0,0,0,4.0,1,0
c:74341,Portland OR 97224,1/1/2001,7.0027,7.0027,7.6712,7.6712,3,1,3000000,1,OR,0,0,0,0,1,hardware,0,0,0,0,0,0,0,0,0,1,c:74341,0,0,1,0,0,0,3.0,0,1
c:3950,San Francisco CA 94105,1/1/2008,0.0,3.4548,2.0247,3.9753,9,4,36000000,3,CA,1,0,0,0,0,software,1,0,0,0,0,0,0,0,0,0,c:3950,0,0,1,1,1,1,3.0,1,1
c:60457,Palo Alto CA 94301-1705,5/1/2010,0.1644,0.1644,1.4822,1.4822,3,1,3000000,1,CA,1,0,0,0,0,software,1,0,0,0,0,0,0,0,0,0,c:60457,1,0,0,0,0,0,1.0,0,1
c:7748,San Francisco CA 94105,6/1/2007,0.6685,0.6685,0.7973,5.2849,1,1,1300000,3,CA,1,0,0,0,0,web,0,1,0,0,0,0,0,0,0,0,c:7748,0,1,0,0,0,0,8.0,1,0
c:35903,Little Rock AR 72201,1/1/1997,9.7534,9.7534,9.7534,9.7534,1,1,50000,1,AR,0,0,0,0,1,software,1,0,0,0,0,0,0,0,0,0,c:35903,1,0,0,0,0,0,1.0,0,0
c:714,San Francisco CA 94105,2/1/2006,6.2849,6.2849,5.7507,7.3068,15,1,6500000,3,NY,0,1,0,0,0,web,0,1,0,0,0,0,0,0,0,0,c:714,0,0,1,0,0,0,8.0,1,1
c:90087,Cambridge MA 2142,1/1/2011,0.6822,1.3096,0.3288,2.5945,5,2,4600000,2,MA,0,0,1,0,0,advertising,0,0,0,0,1,0,0,0,0,0,c:90087,0,1,1,0,0,0,9.0,1,1
c:9373,San Francisco CA 94105,1/1/2005,2.1233,6.0192,2.0,6.5123,5,3,21900000,2,MA,0,0,1,0,0,software,1,0,0,0,0,0,0,0,0,0,c:9373,1,0,1,1,0,0,1.6667,1,1
c:16343,New York NY 10010,6/5/2008,0.4904,0.4904,1.1808,1.1808,6,1,240000,1,NY,0,1,0,0,0,games_video,0,0,0,0,0,1,0,0,0,0,c:16343,0,1,0,0,0,0,2.0,1,1
c:13734,San Francisco CA 94105,1/1/2005,0.0,5.3014,5.0027,5.0027,17,4,34700000,1,CA,1,0,0,0,0,software,1,0,0,0,0,0,0,0,0,0,c:13734,1,0,1,1,0,0,2.25,1,1
c:4060,San Francisco CA 94105,5/10/2004,1.2274,5.8712,3.6466,6.6959,4,4,33000000,2,IL,0,0,0,0,1,software,1,0,0,0,0,0,0,0,0,0,c:4060,1,0,1,1,1,0,5.3333,1,1
c:58420,San Francisco CA 94105,9/1/2010,1.3014,2.4685,0.0,2.4685,3,2,1800000,2,NY,0,1,0,0,0,education,0,0,0,0,0,0,0,0,0,1,c:58420,1,1,0,0,0,0,5.0,1,0
c:815,San Francisco CA 94105,1/1/2006,0.0,3.6548,3.1507,5.3123,14,3,27300000,4,CO,0,0,0,0,1,advertising,0,0,0,0,1,0,0,0,0,0,c:815,0,0,1,1,1,0,3.0,1,1
c:42112,Palo Alto CA 94303,1/1/2007,3.1342,5.2521,3.1342,3.5425,6,2,6760000,2,CA,1,0,0,0,0,web,0,1,0,0,0,0,0,0,0,0,c:42112,1,0,0,0,0,0,1.5,1,0
c:16178,San Francisco CA 94105,1/1/2000,0.0,6.4986,0.337,10.0082,24,3,26914000,3,CA,1,0,0,0,0,software,1,0,0,0,0,0,0,0,0,0,c:16178,0,0,1,1,1,0,6.0,1,1
c:27021,Santa Clara CA 95051,1/1/2002,3.7562,3.7562,2.5205,4.4767,1,1,27500000,0,CA,1,0,0,0,0,semiconductor,0,0,0,0,0,0,0,0,0,1,c:27021,0,0,0,0,1,0,7.0,1,1
c:43133,Houston TX 77046,1/1/2003,4.2795,4.2795,2.5205,4.4767,4,1,9000000,0,TX,0,0,0,1,0,other,0,0,0,0,0,0,0,0,0,1,c:43133,0,0,0,0,0,1,2.0,1,0
c:25756,San Jose CA 95110,1/1/2006,4.0356,4.0356,-7.0055,-7.0055,3,1,954000,1,CA,1,0,0,0,0,public_relations,0,0,0,0,0,0,0,0,0,1,c:25756,1,0,0,0,0,0,1.0,0,0
c:17884,San Francisco CA 94105,1/1/2000,5.3041,8.6247,2.5205,4.4767,4,3,53000000,0,CA,1,0,0,0,0,semiconductor,0,0,0,0,0,0,0,0,0,1,c:17884,0,0,0,0,1,1,4.6667,1,1
c:208,San Francisco CA 94105,1/1/2004,2.3315,6.6767,6.9589,8.9342,17,4,23100000,3,CA,1,0,0,0,0,social,0,0,0,0,0,0,0,0,0,1,c:208,1,0,1,1,1,0,2.0,1,1
c:1078,San Francisco CA 94105,1/1/2006,1.0,6.4548,6.5342,7.0055,28,4,108900000,2,CA,1,0,0,0,0,cleantech,0,0,0,0,0,0,0,0,0,1,c:1078,0,0,1,1,1,0,7.5,1,1
c:1600,San Francisco CA 94105,1/1/2005,0.8329,3.937,3.4822,7.6658,26,4,55000000,5,CA,1,0,0,0,0,web,0,1,0,0,0,0,0,0,0,0,c:1600,0,0,1,1,1,1,2.75,1,1
c:12071,New York NY 10003,4/1/2009,1.0822,2.8548,1.611,4.5096,9,2,5686383,3,NY,0,1,0,0,0,mobile,0,0,1,0,0,0,0,0,0,0,c:12071,0,0,1,0,0,0,2.0,0,1
c:24681,San Francisco CA 94105,1/1/2004,4.4466,8.0849,6.5863,6.5863,4,6,49008830,1,CA,1,0,0,0,0,biotech,0,0,0,0,0,0,0,1,0,0,c:24681,1,0,1,0,1,0,3.0,1,0
c:96,San Francisco CA 94105,4/22/2005,1.6055,3.5479,2.5205,4.4767,10,3,32200000,0,CA,1,0,0,0,0,mobile,0,0,1,0,0,0,0,0,0,0,c:96,0,0,1,1,1,0,4.0,1,1
c:15509,San Francisco CA 94105,10/1/2006,1.2904,1.2904,7.1233,7.1233,3,1,2000000,1,TX,0,0,0,1,0,web,0,1,0,0,0,0,0,0,0,0,c:15509,0,0,1,0,0,0,1.0,0,0
c:52378,New York NY 10001,1/1/2007,3.2137,3.2137,3.0027,4.6219,5,1,2700000,2,NY,0,1,0,0,0,games_video,0,0,0,0,0,1,0,0,0,0,c:52378,0,0,1,0,0,0,2.0,1,1
c:167,San Francisco CA 94105,12/3/2004,5.1315,5.1315,3.1616,8.5123,6,1,2000000,2,WI,0,0,0,0,1,advertising,0,0,0,0,1,0,0,0,0,0,c:167,0,0,1,0,0,0,2.0,0,0
c:17758,San Francisco CA 94105,9/6/2006,0.0,3.9288,2.9151,5.7342,16,3,18000000,3,NY,0,1,0,0,0,advertising,0,0,0,0,1,0,0,0,0,0,c:17758,1,0,1,1,0,0,2.3333,1,1
c:8339,San Francisco CA 94105,1/1/2000,5.6301,8.7589,8.5041,8.7589,9,5,122500000,2,WA,0,0,0,0,1,mobile,0,0,1,0,0,0,0,0,0,0,c:8339,1,0,0,0,1,1,5.6,1,1
c:21343,San Francisco CA 94105,1/1/2009,0.5178,0.5178,0.5808,4.526,9,1,1100000,2,CA,1,0,0,0,0,advertising,0,0,0,0,1,0,0,0,0,0,c:21343,0,0,1,0,0,0,6.0,1,1
c:41747,Burlington MA 1803,1/1/1998,7.2521,9.2274,6.0027,6.0027,1,3,52000000,1,MA,0,0,1,0,0,security,0,0,0,0,0,0,0,0,0,1,c:41747,1,0,0,1,0,0,2.6667,1,0
c:31549,San Francisco CA 94105,1/1/1999,8.4959,8.4959,9.0055,9.0055,5,1,44000000,1,CA,1,0,0,0,0,biotech,0,0,0,0,0,0,0,1,0,0,c:31549,0,0,0,0,0,1,8.0,1,0
c:33198,San Francisco CA 94105,1/1/2009,0.7589,2.8329,0.7589,3.8356,12,2,15500000,2,CA,1,0,0,0,0,software,1,0,0,0,0,0,0,0,0,0,c:33198,0,0,1,1,0,0,1.0,1,1
c:26702,Santa Clara CA 95054,1/1/2003,3.1205,3.1205,4.0027,4.0027,4,1,20000000,1,CA,1,0,0,0,0,security,0,0,0,0,0,0,0,0,0,1,c:26702,0,0,0,1,0,0,3.0,1,1
